date,open,high,low,close,volume,return_1h,ma_24,volatility_24,label
2026-01-27 19:00:00,88285.05,88549.32,88049.89,88408.77,469.70931,0.0,88408.77,0.0,Vendre
2026-01-27 20:00:00,88408.78,89497.19,88373.49,89396.16,1024.56489,0.011168462133338108,88902.465,0.00789729530990855,Vendre
2026-01-27 21:00:00,89396.03,89523.16,89008.75,89081.46,689.88066,-0.0035202854350790957,88962.13,0.007669053191202066,Vendre
2026-01-27 22:00:00,89081.47,89421.91,89021.61,89243.63,281.54432,0.001820468591332114,89032.505,0.006272353384901074,Vendre
2026-01-27 23:00:00,89243.63,89515.78,89143.92,89250.0,421.36315,7.137764342401987e-05,89076.004,0.005528194757688846,Vendre
2026-01-28 00:00:00,89249.99,89468.01,89154.8,89467.72,258.84583,0.0024394397759104347,89141.29,0.0049493252452453675,Vendre
2026-01-28 01:00:00,89467.73,89497.96,89196.87,89404.57,267.52883,-0.0007058411681888366,89178.90142857144,0.0046321138365478,Vendre
2026-01-28 02:00:00,89404.57,89453.89,89100.01,89285.77,214.15071,-0.0013287911345024606,89192.26000000001,0.004412619309698783,Vendre
2026-01-28 03:00:00,89285.78,89311.87,88985.0,89126.67,353.861,-0.0017819188880826564,89184.97222222222,0.004249006870894803,Vendre
2026-01-28 04:00:00,89126.68,89160.0,88840.0,88975.04,312.10964,-0.001701286494828147,89163.979,0.0040900322132576515,Vendre
2026-01-28 05:00:00,88975.03,89105.56,88849.0,89084.1,326.80822,0.0012257370156845138,89156.71727272727,0.003884078284493711,Vendre
2026-01-28 06:00:00,89084.1,89400.0,89084.1,89317.47,340.81001,0.0026196594004990192,89170.11333333334,0.003744604446120289,Vendre
2026-01-28 07:00:00,89317.47,89358.51,89099.81,89134.35,370.1952,-0.002050214812398865,89167.36230769231,0.003674855315284497,Vendre
2026-01-28 08:00:00,89134.35,89258.02,88833.65,88925.47,515.45435,-0.002343428767921707,89150.08428571429,0.0036193167665708455,Vendre
2026-01-28 09:00:00,88925.47,89567.26,88849.99,89567.25,490.95043,0.007217054911264453,89177.89533333333,0.0039040511412905383,Vendre
2026-01-28 10:00:00,89567.25,89703.87,89330.22,89403.77,688.45427,-0.001825220714044451,89192.0125,0.0038316222903341246,Vendre
2026-01-28 11:00:00,89403.76,90156.72,89313.13,90080.0,1092.21486,0.007563774995170691,89244.24705882353,0.004065673147116993,Vendre
2026-01-28 12:00:00,90079.99,90176.88,89790.0,89998.69,946.78783,-0.0009026420959147297,89286.16055555556,0.003972705637947033,Vendre
2026-01-28 13:00:00,89998.69,90488.0,89969.42,90257.91,1485.47795,0.002880264146067013,89337.30526315789,0.0038848467422334444,Vendre
2026-01-28 14:00:00,90257.91,90276.78,89460.01,89617.27,997.73721,-0.0070978820582040525,89351.30350000001,0.004201865881227255,Vendre
2026-01-28 15:00:00,89617.27,89849.75,88904.61,89479.66,998.88376,-0.0015355299263188904,89357.41571428571,0.004124100669107373,Vendre
2026-01-28 16:00:00,89479.66,89830.0,89248.61,89629.66,744.86311,0.0016763586272008357,89369.79045454547,0.004031472530310926,Vendre
2026-01-28 17:00:00,89629.66,90600.0,89277.21,90169.88,923.32635,0.006027245891594424,89404.57695652173,0.004096328991259019,Vendre
2026-01-28 18:00:00,90169.89,90178.91,89312.88,89546.24,748.51147,-0.006916278473476978,89410.47958333335,0.004309734348128273,Vendre
2026-01-28 19:00:00,89544.0,89719.58,89006.36,89402.58,893.3832,-0.0016043108007661733,89451.88833333332,0.004330891452187668,Vendre
2026-01-28 20:00:00,89402.57,89896.0,89010.0,89130.63,590.94624,-0.0030418585235458817,89440.82458333333,0.00373585488746049,Vendre
2026-01-28 21:00:00,89130.63,89490.24,88878.01,89412.17,381.49994,0.0031587345450154736,89454.60416666667,0.003720067985024417,Vendre
2026-01-28 22:00:00,89412.18,89479.04,89138.0,89396.15,156.23518,-0.0001791702404717599,89460.95916666667,0.0037036425016063954,Vendre
2026-01-28 23:00:00,89396.15,89471.41,89209.48,89299.99,233.14943,-0.0010756615357595534,89463.04208333335,0.003711121277908947,Vendre
2026-01-29 00:00:00,89300.0,89348.0,88900.0,89143.91,431.21285,-0.0017478165451082495,89449.55,0.00369129266283414,Vendre
2026-01-29 01:00:00,89143.92,89159.99,88548.87,88603.56,624.81108,-0.0060615469974337755,89416.17458333333,0.0038835802089008634,Vendre
2026-01-29 02:00:00,88603.56,88754.64,87704.0,87907.06,1097.35161,-0.007860857961011991,89358.72833333333,0.004172041625362814,Vendre
2026-01-29 03:00:00,87907.05,88265.39,87771.3,88053.71,769.73434,0.0016682391607683034,89314.02166666667,0.0041903797969929995,Vendre
2026-01-29 04:00:00,88053.71,88345.66,87901.23,88315.2,311.3438,0.002969664764834956,89286.52833333334,0.004240147527453692,Vendre
2026-01-29 05:00:00,88315.2,88408.08,88142.66,88186.54,354.31355,-0.0014568273638060347,89249.13,0.004233490353656649,Vendre
2026-01-29 06:00:00,88186.53,88338.67,88168.9,88319.35,284.51762,0.0015060121419891992,89207.54166666667,0.0042048081292640335,Vendre
2026-01-29 07:00:00,88319.35,88430.05,88250.0,88352.97,526.73614,0.00038066403341963095,89174.98416666668,0.0041940928352006196,Vendre
2026-01-29 08:00:00,88352.96,88500.0,87907.8,88064.16,823.67262,-0.003268820504845449,89139.09625,0.004217325085769606,Vendre
2026-01-29 09:00:00,88064.16,88160.0,87892.0,87892.01,372.84765,-0.0019548247550423836,89069.29458333335,0.0039010766082326243,Vendre
2026-01-29 10:00:00,87892.0,88046.59,87832.18,87946.46,575.41561,0.0006195102376200801,89008.57333333335,0.0039044893909531485,Vendre
2026-01-29 11:00:00,87946.47,88066.94,87750.01,87846.5,527.10516,-0.0011366006090524072,88915.51083333335,0.0034877342062658435,Vendre
2026-01-29 12:00:00,87846.5,88121.29,87817.97,88121.21,516.69113,0.0031271593062900394,88837.28249999999,0.0035901213664096434,Vendre
2026-01-29 13:00:00,88121.21,88182.29,87951.67,88052.88,283.13252,-0.0007754092346212715,88745.40625,0.0035004380662957777,Vendre
2026-01-29 14:00:00,88052.87,88075.23,87008.0,87014.4,1065.77381,-0.01179382207600721,88636.95333333332,0.003956267677169908,Vendre
2026-01-29 15:00:00,87014.4,87039.51,84366.56,84934.02,8241.9564,-0.023908456531332667,88447.55166666668,0.006092816549177675,Vendre
2026-01-29 16:00:00,84934.02,85392.2,84268.17,85270.0,4076.75879,0.003955776495684571,88265.89916666667,0.0061723357322242215,Vendre
2026-01-29 17:00:00,85270.01,85638.3,84012.78,84261.66,2652.67947,-0.01182526093585079,88019.72333333333,0.006231163295945398,Vendre
2026-01-29 18:00:00,84261.66,84630.55,83415.0,83477.02,2305.76692,-0.00931194567018978,87766.83916666667,0.006318531466604613,Vendre
2026-01-29 19:00:00,83477.02,84334.97,83383.33,84012.11,1752.68525,0.006410027574055732,87542.23625,0.006595721692756735,Vendre
2026-01-29 20:00:00,84012.11,84398.36,83824.9,84216.91,1089.07114,0.002437743796697811,87337.49791666667,0.006672950492021993,Vendre
2026-01-29 21:00:00,84216.91,84706.32,84200.0,84526.57,780.67473,0.0036769337654398715,87133.93125000001,0.006692321411403398,Vendre
2026-01-29 22:00:00,84526.57,84615.74,84306.24,84570.05,335.13893,0.000514394467916901,86932.84375,0.006703441990613195,Vendre
2026-01-29 23:00:00,84570.04,84737.69,84445.7,84650.16,631.99089,0.0009472620626331807,86739.10083333334,0.006732005627023065,Vendre
2026-01-30 00:00:00,84650.16,84735.75,84100.0,84192.0,730.18491,-0.005412393786379144,86532.77125,0.006762704736981035,Vendre
2026-01-30 01:00:00,84192.0,84192.01,81118.0,82468.02,6080.28823,-0.020476767388825534,86277.12375000001,0.007683544316662364,Vendre
2026-01-30 02:00:00,82468.01,82535.89,81154.0,82164.88,3963.98084,-0.003675849135216236,86037.86625,0.007614594090498046,Vendre
2026-01-30 03:00:00,82164.88,82738.89,82036.35,82676.43,1470.66915,0.006225896027597155,85813.81291666666,0.007785340087496671,Vendre
2026-01-30 04:00:00,82676.42,83332.2,82676.42,82938.92,1147.37787,0.0031749072861515515,85589.80125,0.007791825768687334,Vendre
2026-01-30 05:00:00,82938.92,83329.36,82903.23,82914.19,818.20759,-0.0002981712325166308,85370.12000000001,0.007802696394882727,Vendre
2026-01-30 06:00:00,82914.2,82919.21,82056.08,82602.81,1199.37024,-0.003755448856221144,85131.93083333333,0.007757981112363066,Vendre
2026-01-30 07:00:00,82602.81,83100.0,82483.27,82816.98,1624.46252,0.002592768938490142,84901.26458333334,0.007809824436308348,Vendre
2026-01-30 08:00:00,82816.98,82995.41,82438.8,82671.7,959.74241,-0.001754229627788928,84676.57875,0.007810835320179272,Vendre
2026-01-30 09:00:00,82671.7,82834.19,82160.0,82363.72,1026.26025,-0.00372533769113248,84446.23333333334,0.007812838948428416,Vendre
2026-01-30 10:00:00,82363.71,82897.41,82172.02,82833.92,661.3904,0.005708824225034936,84233.21083333333,0.007973521508764368,Vendre
2026-01-30 11:00:00,82833.92,83314.85,82682.15,83151.36,607.68303,0.003832246499984482,84037.58,0.008073305525000287,Vendre
2026-01-30 12:00:00,83151.36,83329.35,82650.0,82800.5,693.0162,-0.004219534112250289,83815.88375,0.007999319298996105,Vendre
2026-01-30 13:00:00,82800.49,83087.34,82421.64,82740.92,760.57185,-0.0007195608722170288,83594.55208333333,0.00799986931538552,Vendre
2026-01-30 14:00:00,82740.93,83797.99,82738.68,83098.0,1785.40114,0.004315639710073427,83431.36875,0.007865986331509778,Vendre
2026-01-30 15:00:00,83098.0,83616.46,82382.01,82883.94,1512.89136,-0.0025759946087751118,83345.94875,0.006323418519272541,Vendre
2026-01-30 16:00:00,82882.84,83493.6,82549.35,83149.0,956.54558,0.003197965733771735,83257.57375,0.006299452066726742,Vendre
2026-01-30 17:00:00,83149.0,83475.8,82641.6,82943.23,1094.09504,-0.002474714067517425,83202.63916666668,0.005877793575437217,Vendre
2026-01-30 18:00:00,82943.23,84160.0,81871.37,83931.13,2213.77003,0.011910556171974562,83221.56041666666,0.006108338329498323,Vendre
2026-01-30 19:00:00,83931.13,84621.16,83917.36,84242.99,1851.84536,0.0037156654509478138,83231.18041666667,0.006014119900567846,Vendre
2026-01-30 20:00:00,84243.0,84299.99,83539.2,83906.34,2390.62988,-0.003996178198328537,83218.24,0.0060501508640443845,Vendre
2026-01-30 21:00:00,83906.34,84523.11,83790.44,84273.7,835.94444,0.004378215043106426,83207.70375,0.006071025570962736,Vendre
2026-01-30 22:00:00,84273.71,84327.06,83918.42,84219.99,454.50219,-0.0006373281344000947,83193.11791666667,0.006070451437930421,Vendre
2026-01-30 23:00:00,84220.0,84298.96,83933.82,84260.49,357.01742,0.00048088345771590824,83176.88166666667,0.006067515062510238,Vendre
2026-01-31 00:00:00,84260.5,84270.02,84014.01,84067.83,380.99765,-0.002286480888017639,83171.70791666667,0.0059831530696947,Vendre
2026-01-31 01:00:00,84067.83,84266.22,83908.0,83999.99,474.79523,-0.0008069674214261635,83235.54,0.004119571067111766,Vendre
2026-01-31 02:00:00,84000.0,84183.42,83815.02,84130.01,514.80351,0.0015478573271257012,83317.42041666668,0.004010729178257979,Vendre
2026-01-31 03:00:00,84130.01,84232.0,84022.69,84022.69,356.74317,-0.001275644683745969,83373.51458333334,0.0038752016851113028,Vendre
2026-01-31 04:00:00,84022.7,84146.22,83941.43,83992.45,214.26773,-0.00035990278340292114,83417.41166666667,0.0038433141805821937,Vendre
2026-01-31 05:00:00,83992.44,84097.37,83903.7,84000.01,249.62585,9.00080900128053e-05,83462.65416666666,0.003840479397179353,Vendre
2026-01-31 06:00:00,84000.01,84050.51,83638.4,83786.09,407.33324,-0.0025466663634921005,83511.9575,0.003789153505326947,Vendre
2026-01-31 07:00:00,83786.09,83805.02,83404.67,83546.81,478.7189,-0.0028558439712367267,83542.36708333333,0.0038275767270473677,Vendre
2026-01-31 08:00:00,83546.82,83629.08,82560.75,83074.07,1142.87539,-0.005658384802483707,83559.13249999999,0.0040009375310006605,Vendre
2026-01-31 09:00:00,83074.08,83300.0,82894.0,83109.1,471.08907,0.0004216718887133375,83590.19,0.003912155592482433,Vendre
2026-01-31 10:00:00,83109.1,83203.26,82917.32,83160.0,515.13254,0.0006124479750111433,83603.77666666667,0.003745244736208377,Vendre
2026-01-31 11:00:00,83160.0,83160.0,82851.97,83020.0,279.69189,-0.0016835016835017313,83598.30333333333,0.003679426276554799,Vendre
2026-01-31 12:00:00,83020.0,83140.0,82720.0,82762.0,537.57574,-0.0031076848952059644,83596.69916666667,0.0036314562997264706,Vendre
2026-01-31 13:00:00,82761.99,82919.29,82478.59,82767.99,539.85854,7.237621130484762e-05,83597.82708333334,0.003628354393355843,Vendre
2026-01-31 14:00:00,82768.0,82928.2,80825.76,81479.99,4166.24097,-0.015561571568912136,83530.41,0.004711968397110043,Vendre
2026-01-31 15:00:00,81480.0,81789.68,81088.0,81302.15,1568.15407,-0.0021826217700813277,83464.50208333333,0.004706232828771997,Vendre
2026-01-31 16:00:00,81302.16,82200.0,80098.01,80365.04,5113.56418,-0.011526263450597596,83348.50374999999,0.005106228961404984,Vendre
2026-01-31 17:00:00,80365.05,80550.74,78159.9,78893.92,6669.26832,-0.018305472130667688,83179.78249999999,0.006163420788977018,Vendre
2026-01-31 18:00:00,78893.92,79143.64,75719.9,78038.38,7783.32311,-0.010844181655569773,82934.25125,0.00564878047972447,Vendre
2026-01-31 19:00:00,78038.39,78576.3,77194.0,77750.01,2463.45994,-0.0036952330378976495,82663.71041666667,0.005464511942108005,Vendre
2026-01-31 20:00:00,77750.01,78141.95,77092.34,77999.03,1378.50317,0.0032028291700541,82417.5725,0.00562122933789825,Vendre
2026-01-31 21:00:00,77999.02,78365.02,77372.69,78292.0,1330.5666,0.00375607235115627,82168.335,0.005586949178120296,Vendre
2026-01-31 22:00:00,78292.0,78499.94,78000.0,78155.17,902.43744,-0.0017476881418280188,81915.63416666667,0.005570693301748053,Vendre
2026-01-31 23:00:00,78155.16,79240.0,78078.67,78741.09,1552.86508,0.00749688088452749,81685.65916666666,0.005938410791448359,Vendre
2026-02-01 00:00:00,78741.1,79424.0,78644.09,78902.31,1738.02598,0.0020474697518158003,81470.42916666665,0.006020097255312828,Vendre
2026-02-01 01:00:00,78902.31,78943.62,78284.0,78532.17,1163.10084,-0.004691117408349599,81242.60333333333,0.006021411967872251,Vendre
2026-02-01 02:00:00,78532.32,79060.44,78378.0,78900.01,762.94469,0.004683940352087523,81024.68666666666,0.0061520936499533125,Vendre
2026-02-01 03:00:00,78900.01,79008.36,78666.73,78868.28,594.31033,-0.00040215457513881336,80809.91958333334,0.00616316649162941,Vendre
2026-02-01 04:00:00,78868.29,79119.3,78720.97,78971.75,441.04188,0.0013119342782674792,80600.72375,0.006199118461792103,Vendre
2026-02-01 05:00:00,78973.22,79006.0,78527.13,78620.91,744.7428,-0.004442601309962102,80376.59458333334,0.006184334456809231,Vendre
2026-02-01 06:00:00,78620.9,78824.1,78266.63,78300.0,568.62406,-0.004081738560390624,80148.00749999999,0.006190234930023081,Vendre
2026-02-01 07:00:00,78300.01,78724.01,77967.69,78343.0,808.74546,0.0005491698595145866,79931.18208333333,0.0062277861788711105,Vendre
2026-02-01 08:00:00,78343.0,78863.0,78252.64,78604.02,567.72389,0.003331759059520323,79744.93000000001,0.006309265956288257,Vendre
2026-02-01 09:00:00,78604.02,79136.1,78551.15,79034.45,479.76229,0.005475928584822931,79575.15291666666,0.006485353881556816,Vendre
2026-02-01 10:00:00,79034.45,79220.72,78148.1,78279.73,863.43565,-0.009549253521723755,79371.80833333333,0.006632508009427225,Vendre
2026-02-01 11:00:00,78279.73,78877.89,78279.72,78743.56,539.38656,0.00592528870500697,79193.62333333334,0.006851252820896669,Vendre
2026-02-01 12:00:00,78743.57,78760.0,78244.0,78459.67,620.90729,-0.003605247210057505,79014.35958333332,0.006854938589259372,Vendre
2026-02-01 13:00:00,78459.68,78768.68,78203.21,78317.51,482.47432,-0.0018118862850176054,78828.92291666666,0.006838561123454225,Vendre
2026-02-01 14:00:00,78317.51,78520.0,77236.68,78211.12,1658.37078,-0.0013584446185789245,78692.72,0.006226156858611076,Vendre
2026-02-01 15:00:00,78211.12,78254.2,76761.98,77593.4,2045.87767,-0.0078981096294235,78538.18875,0.0063539747251381345,Vendre
2026-02-01 16:00:00,77593.4,77838.48,77087.76,77494.77,1084.57336,-0.0012711132647879042,78418.59416666666,0.006015998541557668,Vendre
2026-02-01 17:00:00,77494.77,77748.0,77300.0,77745.32,549.82327,0.0032331214093546112,78370.73583333332,0.004903114098612446,Vendre
2026-02-01 18:00:00,77745.33,78443.1,77727.27,78029.28,791.63632,0.003652438500478139,78370.35666666667,0.004458976813233291,Vendre
2026-02-01 19:00:00,78029.29,78106.1,77000.01,77174.78,457.49789,-0.010951017361687798,78346.38875,0.004940697054664899,Vendre
2026-02-01 20:00:00,77174.77,77740.91,76606.0,77103.04,1125.71882,-0.0009295782896951987,78309.05583333333,0.004885095686207905,Vendre
2026-02-01 21:00:00,77103.04,77161.26,76359.87,76526.03,1221.6059,-0.007483621916853034,78235.47374999999,0.004999769117118416,Vendre
2026-02-01 22:00:00,76526.03,77779.63,76456.78,77249.31,1235.13318,0.009451424567562094,78197.72958333333,0.005425419259634911,Vendre
2026-02-01 23:00:00,77249.31,77610.72,75700.0,76968.21,4850.01845,-0.0036388674539615806,78123.85958333332,0.005185174381872541,Vendre
2026-02-02 00:00:00,76968.22,78231.26,76606.39,77672.61,1960.16053,0.009151830346580736,78072.62208333334,0.005552641590791188,Vendre
2026-02-02 01:00:00,77672.61,77942.28,76619.69,77518.87,1238.02224,-0.0019793335128046596,78030.40125,0.0054938906093729535,Vendre
2026-02-02 02:00:00,77518.87,77555.62,76449.84,76491.17,1406.18164,-0.013257417194032839,77930.03291666666,0.005955342394576789,Vendre
2026-02-02 03:00:00,76491.18,76575.93,74604.0,76292.98,6845.40126,-0.0025910180220801715,77822.72875,0.0059581689996843325,Vendre
2026-02-02 04:00:00,76292.98,76621.28,75335.9,75894.15,2387.03559,-0.005227610718574693,77694.49541666666,0.005979905882662999,Vendre
2026-02-02 05:00:00,75894.15,75999.99,74911.14,75502.1,2327.56014,-0.005165747294093026,77564.545,0.005996452217146364,Vendre
2026-02-02 06:00:00,75502.1,76834.71,74957.51,76549.32,3207.27225,0.01387007778591598,77491.59999999999,0.0067540473702072225,Vendre
2026-02-02 07:00:00,76549.32,76958.0,76327.9,76660.79,1646.53051,0.0014561853717314222,77421.50791666667,0.006765153342801944,Vendre
2026-02-02 08:00:00,76660.78,77191.15,76628.28,76881.28,1422.14452,0.002876176986957857,77349.72708333333,0.006753444502903685,Vendre
2026-02-02 09:00:00,76881.28,77815.0,76652.0,77725.33,2196.40917,0.01097861534043143,77295.18041666667,0.007065551788565376,Vendre
2026-02-02 10:00:00,77725.33,77876.69,77474.85,77504.54,1049.86427,-0.0028406440989058312,77262.88083333334,0.006827775539933092,Vendre
2026-02-02 11:00:00,77504.54,77970.62,77451.11,77759.99,983.08962,0.0032959359542035216,77221.89875000001,0.006742561704747213,Vendre
2026-02-02 12:00:00,77760.0,78434.0,77706.0,77988.51,1103.97039,0.002938786386160741,77202.26708333334,0.006743922989981114,Vendre
2026-02-02 13:00:00,77988.5,78458.0,77800.0,78224.79,960.76337,0.0030296770639675064,77198.40375,0.006766894245233699,Vendre
2026-02-02 14:00:00,78224.8,78885.0,77626.44,77844.79,2220.07608,-0.004857795080050686,77183.14,0.006834186274208119,Vendre
2026-02-02 15:00:00,77844.78,79360.0,77564.62,78850.06,3238.00821,0.012913773677082352,77235.50083333334,0.007125548406885093,Vendre
2026-02-02 16:00:00,78850.06,79288.28,78584.0,78634.76,1987.74899,-0.002730498873431464,77283.00041666666,0.007149234356863152,Vendre
2026-02-02 17:00:00,78634.75,79213.99,78603.93,78988.64,1407.01094,0.00450029986738687,77334.80541666666,0.0071739076094176155,Vendre
2026-02-02 18:00:00,78988.65,78988.65,78369.13,78569.84,992.65857,-0.0053020282410231045,77357.32875,0.007245412967705925,Vendre
2026-02-02 19:00:00,78569.83,78697.99,78283.27,78341.5,1074.65868,-0.0029062042127105947,77405.94208333333,0.0068784468600535335,Vendre
2026-02-02 20:00:00,78341.5,78667.38,77888.0,78008.59,902.54602,-0.004249471863571719,77443.67333333334,0.006944616537721086,Vendre
2026-02-02 21:00:00,78008.59,78552.76,77922.0,78532.06,507.24426,0.0067104148402119534,77527.25791666667,0.006837869159402153,Vendre
2026-02-02 22:00:00,78532.07,78853.35,78528.21,78795.2,488.24484,0.0033507334456781557,77591.67,0.00662400345634505,Vendre
2026-02-02 23:00:00,78795.2,78962.78,78560.0,78738.61,720.98807,-0.0007181909557941735,77665.43666666666,0.00656457092896955,Vendre
2026-02-03 00:00:00,78738.6,79099.99,78408.05,79065.24,994.28607,0.004148282526196478,77723.46291666666,0.006369952023502289,Vendre
2026-02-03 01:00:00,79065.24,79186.81,78716.79,79017.63,990.1874,-0.0006021609496157376,77785.91125,0.006350374199727869,Vendre
2026-02-03 02:00:00,79017.64,79017.64,77800.0,77808.01,959.76758,-0.015308229315407318,77840.77958333334,0.006558391389845996,Vendre
2026-02-03 03:00:00,77808.02,78907.18,77644.09,78753.32,1068.28743,0.01214926329564281,77943.29375,0.006914207381343408,Vendre
2026-02-03 04:00:00,78753.32,78999.99,78488.0,78798.39,719.00577,0.0005722933331571145,78064.30375,0.006774395473775713,Vendre
2026-02-03 05:00:00,78798.38,78809.78,78218.98,78240.45,581.74505,-0.007080601519904195,78178.40166666666,0.006868024091135973,Vendre
2026-02-03 06:00:00,78240.45,78665.91,77950.0,78594.17,881.03721,0.004520935142883209,78263.60375,0.006384496623977105,Vendre
2026-02-03 07:00:00,78594.01,78923.93,78488.01,78794.67,705.05984,0.0025510798065555562,78352.51541666668,0.006390922559628945,Vendre
2026-02-03 08:00:00,78794.67,79084.29,78464.6,78747.96,840.3253,-0.000592806594659101,78430.29375,0.006389747869070955,Vendre
2026-02-03 09:00:00,78747.96,78841.35,77950.0,78400.01,972.9435,-0.004418527159306906,78458.40541666666,0.006113345307177687,Vendre
2026-02-03 10:00:00,78400.01,78560.0,78070.0,78120.36,505.87116,-0.0035669638307442852,78484.06458333333,0.006131742140488119,Vendre
2026-02-03 11:00:00,78120.36,78349.24,78004.08,78079.5,475.83471,-0.0005230390643361504,78497.37749999999,0.006101387713818353,Vendre
2026-02-03 12:00:00,78079.5,78416.9,78000.0,78330.26,933.6271,0.0032115984349283533,78511.61708333333,0.006106985559906605,Vendre
2026-02-03 13:00:00,78330.26,78458.89,78187.91,78307.65,529.49211,-0.0002886496227639812,78515.06958333333,0.006077630687834332,Vendre
2026-02-03 14:00:00,78307.65,78434.61,77156.24,77201.22,2011.4149,-0.014129270894989054,78488.25416666667,0.006669747785096518,Vendre
2026-02-03 15:00:00,77201.21,78196.83,77055.54,78132.33,2069.08407,0.012060819764247332,78458.34874999999,0.006598027574361362,Vendre
2026-02-03 16:00:00,78132.34,78134.53,76400.0,76488.08,3199.23624,-0.021044425527819266,78368.90375,0.007828407165533324,Vendre
2026-02-03 17:00:00,76488.08,76525.44,74882.28,74915.79,3210.53566,-0.02055601343372726,78199.20166666668,0.008671258103823107,Vendre
2026-02-03 18:00:00,74915.79,75302.76,73137.66,73139.13,8932.04301,-0.023715427682201473,77972.92208333332,0.009712745445548714,Vendre
2026-02-03 19:00:00,73139.12,75291.1,72945.5,74935.0,3497.82279,0.024554161363417926,77830.98458333332,0.01121714320065453,Vendre
2026-02-03 20:00:00,74935.0,76721.25,74586.54,76475.52,2122.86901,0.020558083672516325,77767.10666666667,0.012089724652397658,Vendre
2026-02-03 21:00:00,76475.53,76960.0,76124.05,76239.43,1110.97152,-0.003087131672985133,77671.58041666668,0.011991645661013583,Vendre
2026-02-03 22:00:00,76239.43,76299.19,75406.79,75708.83,1013.97922,-0.00695965329226611,77542.98166666667,0.012007519068393013,Vendre
2026-02-03 23:00:00,75708.82,76000.0,75428.16,75770.21,794.68224,0.0008107376642856323,77419.29833333332,0.012016422167613465,Vendre
2026-02-04 00:00:00,75770.21,76264.0,75467.22,75910.88,730.62893,0.0018565343820480251,77287.86666666667,0.011978377505248317,Vendre
2026-02-04 01:00:00,75910.88,76798.12,75910.88,76423.73,952.72942,0.006755948554409974,77179.78749999999,0.012099281554184941,Vendre
2026-02-04 02:00:00,76423.73,76610.04,75707.41,75963.35,853.38888,-0.006024045149327195,77102.92666666668,0.011776704736825261,Vendre
2026-02-04 03:00:00,75963.35,76971.52,75906.05,76698.17,1036.93598,0.009673349055827396,77017.29541666668,0.011667462822762212,Vendre
2026-02-04 04:00:00,76698.17,76830.69,76413.64,76479.75,577.39018,-0.0028477863291913597,76920.68541666666,0.01166785305141806,Vendre
2026-02-04 05:00:00,76479.75,76526.8,76105.3,76279.99,1056.73491,-0.002611933224153984,76838.99958333334,0.011605057154446949,Vendre
2026-02-04 06:00:00,76280.0,76780.0,76259.9,76652.68,609.34015,0.004885816057395687,76758.10416666667,0.011612830124848667,Vendre
2026-02-04 07:00:00,76652.68,76657.31,76335.46,76514.3,593.58526,-0.0018052858686740114,76663.08875000001,0.011589309297028233,Vendre
2026-02-04 08:00:00,76514.3,76600.0,76068.69,76587.26,736.19473,0.0009535472454167415,76573.05958333334,0.011596887061365713,Vendre
2026-02-04 09:00:00,76587.26,76607.69,75967.1,76119.0,632.82215,-0.006114071713754887,76478.0175,0.011623154910634191,Vendre
2026-02-04 10:00:00,76119.0,76338.65,76069.0,76302.1,440.91077,0.002405444107253185,76402.25666666667,0.011633416566771856,Vendre
2026-02-04 11:00:00,76302.1,76302.1,75666.0,76017.25,1102.73317,-0.0037331868978704996,76316.32958333334,0.011647150042634486,Vendre
2026-02-04 12:00:00,76017.25,76260.85,76000.0,76180.85,942.91713,0.0021521430990993906,76226.77083333333,0.011632295623612834,Vendre
2026-02-04 13:00:00,76180.84,76186.98,74867.0,74867.0,1563.62436,-0.017246460232460015,76083.41041666667,0.012087392648428643,Vendre
2026-02-04 14:00:00,74867.0,75769.23,74256.0,74359.53,2801.90282,-0.006778286828642788,75965.00666666667,0.011852246620085705,Vendre
2026-02-04 15:00:00,74359.53,75328.28,73794.11,74136.36,3644.50098,-0.003001229297710739,75798.50791666667,0.011496741918149804,Vendre
2026-02-04 16:00:00,74136.48,74249.83,73076.92,73636.01,3089.62892,-0.006749049993822309,75679.67166666668,0.010824394147540913,Vendre
2026-02-04 17:00:00,73635.63,73863.92,72169.0,72576.08,5764.80542,-0.014394180238717302,75582.18375,0.010418877595799436,Vendre
2026-02-04 18:00:00,72576.08,74140.0,72273.68,73425.96,3480.01439,0.01171019432297804,75594.135,0.009575929060927323,Vendre
2026-02-04 19:00:00,73425.97,74007.28,73041.41,73923.29,1609.77508,0.006773217537775267,75551.98041666667,0.008199190570658385,Vendre
2026-02-04 20:00:00,73923.3,74144.0,73425.56,73516.3,1052.61663,-0.005505572059901431,75428.67958333333,0.006908557032036581,Vendre
2026-02-04 21:00:00,73516.3,73654.0,72210.0,72799.99,1379.23839,-0.009743553470454858,75285.36958333333,0.007100951085271574,Vendre
2026-02-04 22:00:00,72800.0,73680.0,71888.0,72543.38,2426.62344,-0.003524863121547095,75153.47583333334,0.007028733669106526,Vendre
2026-02-04 23:00:00,72543.38,73520.59,72468.12,73165.83,1296.31791,0.00858038321346477,75044.96,0.007324710338094801,Vendre
2026-02-05 00:00:00,73165.84,73325.6,72754.21,72868.02,1031.56586,-0.004070342672255589,74918.17416666666,0.007308963617014981,Vendre
2026-02-05 01:00:00,72868.02,73341.18,71995.09,72421.26,1796.49365,-0.0061310846651247974,74751.40458333334,0.007133733656504476,Vendre
2026-02-05 02:00:00,72421.26,72854.39,71305.55,71454.44,2979.51665,-0.01334994723924976,74563.53333333333,0.007453402037522869,Attendre
2026-02-05 03:00:00,71454.44,71884.47,71152.78,71223.25,2548.86017,-0.003235488235580619,74335.41166666667,0.006986391629525116,Vendre
2026-02-05 04:00:00,71223.25,71437.68,70701.0,70888.08,4293.99043,-0.0047059071300452615,74102.42541666667,0.006994257045683505,Attendre
2026-02-05 05:00:00,70888.09,71150.16,70140.0,70732.72,4302.51294,-0.0021916237539513217,73871.28916666667,0.006996149611027479,Attendre
2026-02-05 06:00:00,70732.73,70984.62,70434.05,70951.51,2020.09726,0.0030931936450342423,73633.74041666667,0.00691610080896179,Vendre
2026-02-05 07:00:00,70951.51,71622.82,70644.73,70756.85,2612.40429,-0.00274356387904906,73393.84666666666,0.006910569984056381,Vendre
2026-02-05 08:00:00,70756.86,71550.0,70683.58,71054.99,1815.06036,0.004213584974458229,73163.33541666667,0.007027454773990128,Vendre
2026-02-05 09:00:00,71054.99,71978.58,71049.35,71550.0,1842.40706,0.006966576168682792,72972.96041666667,0.007285662400783075,Vendre
2026-02-05 10:00:00,71549.99,71726.79,70656.59,70858.13,1618.18196,-0.009669741439552682,72746.12833333333,0.007345242086721819,Vendre
2026-02-05 11:00:00,70858.13,71063.94,69922.0,70318.35,4107.09256,-0.007617756776815865,72508.67416666666,0.007403438788403009,Vendre
2026-02-05 12:00:00,70318.35,70603.49,69163.0,69563.57,5331.37678,-0.010733755840402925,72232.95416666668,0.007464255841989722,Attendre
2026-02-05 13:00:00,69563.56,69831.85,69261.11,69688.94,2587.65964,0.0018022364292114013,72017.20166666668,0.006962912271338857,Attendre
2026-02-05 14:00:00,69688.94,70872.04,69285.71,69404.76,3459.24538,-0.004077835019445142,71810.75291666666,0.006920191791265427,Attendre
2026-02-05 15:00:00,69404.75,69616.29,66720.15,67489.07,13836.57347,-0.02760170916231086,71533.7825,0.00856953396710698,Acheter
2026-02-05 16:00:00,67489.08,68681.81,66955.34,68295.15,5860.78146,0.011943859946506707,71311.24666666666,0.009127884346652801,Attendre
2026-02-05 17:00:00,68295.15,68374.79,66152.0,66181.69,6127.2285,-0.030945974933798248,71044.81375,0.010535657880521352,Acheter
2026-02-05 18:00:00,66181.68,66542.87,65385.0,66347.0,5703.68497,0.002497820771878212,70749.85708333334,0.010105736306528959,Acheter
2026-02-05 19:00:00,66347.01,66637.46,65200.0,65265.65,3605.53717,-0.016298400831989412,70389.12208333334,0.010117262896831025,Acheter
2026-02-05 20:00:00,65265.66,65700.0,62345.0,63775.67,13269.97533,-0.022829466955435307,69983.2625,0.010744026068183445,Acheter
2026-02-05 21:00:00,63775.66,64775.0,62888.34,63213.34,6727.66673,-0.008817312307342284,69583.81875,0.010731083644383967,Acheter
2026-02-05 22:00:00,63213.34,64615.88,62690.9,63907.86,4776.16051,0.01098692143145752,69224.00541666667,0.011261207476371903,Acheter
2026-02-05 23:00:00,63907.86,64908.0,62717.48,62909.86,4044.75586,-0.015616232494719773,68796.67333333334,0.011054551428941331,Acheter
2026-02-06 00:00:00,62909.87,63861.87,60000.0,63509.39,15965.67588,0.009529984647875578,68406.73041666667,0.011508480098081652,Acheter
2026-02-06 01:00:00,63509.4,65760.0,63509.39,65714.96,6085.05108,0.03472825042092209,68127.30125,0.014152299833668043,Acheter
2026-02-06 02:00:00,65714.96,66010.0,64201.28,64990.1,4172.0595,-0.011030365079732318,67857.95375,0.014093073032418729,Acheter
2026-02-06 03:00:00,64990.11,65172.13,63770.17,64168.33,2757.61679,-0.01264454124551273,67563.99875000001,0.014205713677419197,Acheter
2026-02-06 04:00:00,64168.33,65000.0,63914.62,64905.84,2678.77331,0.011493364405774642,67314.73875,0.014562971161519327,Acheter
2026-02-06 05:00:00,64905.54,66826.5,64800.01,66408.11,3077.34633,0.023145374900009008,67134.54666666668,0.015551677813580852,Attendre
2026-02-06 06:00:00,66408.11,66800.0,64856.88,64988.26,3562.00258,-0.02138067172819702,66886.07791666668,0.015965229456710566,Acheter
2026-02-06 07:00:00,64988.26,65543.79,64654.11,64856.0,3886.24107,-0.002035136807786553,66640.20916666667,0.015967399792455372,Acheter
2026-02-06 08:00:00,64856.0,65206.11,64500.0,64895.05,2403.94942,0.0006021031207599226,66383.545,0.015908458002732533,Acheter
2026-02-06 09:00:00,64895.04,66163.0,64764.7,65799.55,2736.04998,0.013937888945304788,66143.94291666667,0.016172193539157265,Attendre
2026-02-06 10:00:00,65799.55,66220.0,65550.0,65967.51,2067.37547,0.002552601043624092,65940.16708333333,0.016157282583787038,Attendre
2026-02-06 11:00:00,65967.51,66755.13,65772.17,66631.32,2445.47098,0.0100626808560762,65786.54083333333,0.016332579815205268,Attendre
2026-02-06 12:00:00,66631.32,66631.32,66114.49,66557.93,1895.66919,-0.0011014339802966067,65661.30583333333,0.016229570152270195,Attendre
2026-02-06 13:00:00,66557.93,67690.7,66480.82,67316.82,4063.76595,0.0114019471458926,65562.4675,0.016436925776683473,Attendre
2026-02-06 14:00:00,67316.82,68647.45,66629.36,68194.89,5594.57909,0.013043842534451233,65512.05625,0.01668142118888669,Vendre
2026-02-06 15:00:00,68194.9,69192.0,67772.0,68626.0,6052.81042,0.0063217346636970095,65559.42833333333,0.015702398069615826,Vendre
2026-02-06 16:00:00,68625.99,70224.62,68428.19,69954.01,6892.60997,0.01935141200128232,65628.5475,0.01600063806898985,Vendre
2026-02-06 17:00:00,69954.01,71500.0,69593.43,70753.53,5224.54006,0.01142922328541296,65819.04083333333,0.014583245523240255,Vendre
2026-02-06 18:00:00,70753.53,70816.0,69340.91,69776.68,3217.47319,-0.013806378282468779,65961.94416666667,0.014976698814846532,Vendre
2026-02-06 19:00:00,69776.68,70952.0,69662.22,70731.46,1949.07605,0.013683368139613572,66189.68625,0.014611771632362536,Vendre
2026-02-06 20:00:00,70731.45,70996.77,70000.12,70000.13,1842.94729,-0.010339529256147117,66449.03874999999,0.013836643397212417,Vendre
2026-02-06 21:00:00,70000.14,70508.75,69837.35,70358.43,1079.99332,0.0051185619226705725,66746.75083333334,0.013566053355415992,Vendre
2026-02-06 22:00:00,70358.44,71577.09,70279.09,71354.46,1439.41821,0.014156512588470394,67057.02583333333,0.013646531572082753,Vendre
2026-02-06 23:00:00,71354.46,71751.33,70505.0,70580.26,1448.72018,-0.010850057585748862,67376.62583333334,0.01337002820346506,Vendre
2026-02-07 00:00:00,70580.26,70600.0,69718.0,69958.0,1684.48527,-0.008816346100170125,67645.31791666667,0.013615452271180184,Vendre
2026-02-07 01:00:00,69958.0,70680.54,69741.87,70471.49,1257.48702,0.007339975413819699,67843.50666666667,0.011989724524261567,Vendre
2026-02-07 02:00:00,70471.48,70624.49,70151.51,70361.37,828.17189,-0.001562617733781524,68067.30958333334,0.011659757735886952,Vendre
2026-02-07 03:00:00,70361.36,70928.75,70270.0,70918.99,917.62946,0.007925087302876666,68348.58708333333,0.011176681518198303,Vendre
2026-02-07 04:00:00,70918.99,71690.07,70604.55,70768.13,1760.77139,-0.002127215855724951,68592.84916666667,0.011137911724556136,Vendre
2026-02-07 05:00:00,70768.0,71191.88,69800.0,70161.5,1954.17044,-0.008572078985272125,68749.24041666667,0.010594935130521914,Vendre
2026-02-07 06:00:00,70161.51,70310.0,68757.68,68769.65,3067.81307,-0.01983780278357794,68906.79833333332,0.01044836971389015,Vendre
2026-02-07 07:00:00,68769.66,69084.55,67300.0,68087.14,6488.56676,-0.00992458155596243,69041.42916666667,0.010715061076143988,Attendre
2026-02-07 08:00:00,68087.13,68790.0,67747.65,68495.01,2785.44241,0.005990411698890474,69191.4275,0.010739109222157851,Attendre
2026-02-07 09:00:00,68495.01,68763.28,67885.86,68138.2,2704.83478,-0.0052092845887604655,69288.87125,0.010547018513279913,Attendre
2026-02-07 10:00:00,68138.19,68299.3,67582.48,67987.0,2026.15669,-0.002219019580793069,69373.01666666668,0.010571447832986029,Attendre
2026-02-07 11:00:00,67986.99,68157.21,67700.0,67972.65,1172.5817,-0.00021106976333717942,69428.90541666666,0.010408397096438704,Attendre
2026-02-07 12:00:00,67972.65,69999.99,67901.89,69024.98,3372.78032,0.015481667994406534,69531.69916666667,0.010813505567535847,Attendre
2026-02-07 13:00:00,69024.98,69364.5,68821.64,69093.98,1462.50623,0.0009996381020320744,69605.7475,0.010608977533283132,Attendre
2026-02-07 14:00:00,69093.98,69187.27,68358.75,68645.99,1780.47515,-0.006483777602621643,69624.54333333332,0.010403176828534831,Attendre
2026-02-07 15:00:00,68646.0,69762.46,68556.0,69151.5,2675.07885,0.007364013542524361,69646.43916666666,0.010431429018468335,Vendre
2026-02-07 16:00:00,69151.5,69898.0,68822.51,68957.16,3767.46183,-0.002810351185440596,69604.90375,0.009628072356993573,Vendre
2026-02-07 17:00:00,68957.16,69408.0,68531.5,69188.81,1260.95907,0.0033593320838618546,69539.70708333334,0.009327629810272207,Vendre
2026-02-07 18:00:00,69188.81,69690.89,69009.09,69514.11,815.22684,0.004701627329621649,69528.76666666666,0.008971586193831083,Vendre
2026-02-07 19:00:00,69514.11,69577.43,69266.66,69373.61,549.67003,-0.002021172392194903,69472.18958333334,0.008480432976648671,Vendre
2026-02-07 20:00:00,69373.61,69728.83,69252.72,69631.18,431.2072,0.003712795110417222,69456.81666666667,0.008273791927628435,Vendre
2026-02-07 21:00:00,69631.18,69699.16,69356.16,69497.99,322.93251,-0.0019127925162260029,69420.965,0.008201920209882965,Vendre
2026-02-07 22:00:00,69497.99,69727.86,69325.67,69399.34,469.65551,-0.00141946551259986,69339.50166666666,0.007586548341983736,Vendre
2026-02-07 23:00:00,69399.34,69462.42,68787.34,69289.38,699.41594,-0.001584453108631756,69285.715,0.0073007392925819965,Vendre
2026-02-08 00:00:00,69289.37,69432.0,68888.0,69133.79,682.62238,-0.002245510062292566,69251.37291666666,0.007105420135826006,Vendre
2026-02-08 01:00:00,69133.8,69500.0,69095.17,69379.57,433.38727,0.003555135629046413,69205.87625,0.00696517495561486,Vendre
2026-02-08 02:00:00,69379.57,69696.57,69167.42,69370.7,452.71707,-0.00012784743405025445,69164.59833333334,0.00696295366334584,Vendre
2026-02-08 03:00:00,69370.69,69443.9,69069.65,69099.99,457.68257,-0.0039023680026292196,69088.80666666667,0.006751085239128503,Vendre
2026-02-08 04:00:00,69100.0,69372.06,68952.01,69340.16,390.41434,0.0034756879125452667,69029.30791666666,0.00680920710966194,Vendre
2026-02-08 05:00:00,69340.15,69422.43,69146.47,69220.52,386.01063,-0.0017254070368456498,68990.10041666667,0.0066111426795347735,Vendre
2026-02-08 06:00:00,69220.53,69518.56,69090.0,69361.18,1121.01748,0.0020320563902147537,69014.7475,0.0051903351687863555,Vendre
2026-02-08 07:00:00,69361.18,69719.07,69215.69,69710.69,980.72904,0.005038985784267425,69082.39541666667,0.004782703114856678,Vendre
2026-02-08 08:00:00,69710.69,70796.99,69514.15,70665.59,1875.5789,0.013698042581417491,69172.83625,0.005357124504335156,Vendre
2026-02-08 09:00:00,70665.59,70712.71,70094.71,70107.19,1028.89501,-0.007902007186241455,69254.8775,0.00552525343815544,Vendre
2026-02-08 10:00:00,70107.2,70449.99,69890.52,70266.41,1062.517,0.002271093735178864,69349.85291666667,0.005480206198465259,Vendre
2026-02-08 11:00:00,70266.41,71220.0,70210.26,70999.98,1342.32428,0.010439838893149478,69475.99166666667,0.005768636812726052,Vendre
2026-02-08 12:00:00,70999.99,71281.74,70707.39,71249.95,791.13826,0.0035207052171000175,69568.69875,0.005004254121721185,Vendre
2026-02-08 13:00:00,71249.65,71517.27,70956.0,71514.77,1080.90623,0.0037167745380874972,69669.565,0.005027027094683646,Vendre
2026-02-08 14:00:00,71514.77,71554.95,71105.0,71262.19,872.42876,-0.003531857824614404,69778.57333333333,0.004857786693004351,Vendre
2026-02-08 15:00:00,71262.18,71465.93,70786.18,71188.99,914.74435,-0.0010271926809994891,69863.46875,0.004722808016340818,Vendre
2026-02-08 16:00:00,71188.99,71256.97,70251.33,70416.0,1094.49116,-0.010858280191923031,69924.25374999999,0.0052749477273865445,Vendre
2026-02-08 17:00:00,70415.99,70871.66,70407.42,70785.99,515.39696,0.0052543456032720925,69990.80291666667,0.005327501162621356,Vendre
2026-02-08 18:00:00,70786.0,71418.0,70750.0,71147.25,643.64182,0.005103552270724787,70058.85041666667,0.005340374197751538,Vendre
2026-02-08 19:00:00,71147.24,71538.05,71142.77,71422.97,466.64362,0.0038753430385574106,70144.24041666667,0.00533184858061982,Vendre
2026-02-08 20:00:00,71422.96,71427.73,70700.03,70835.17,803.14197,-0.008229845384475132,70194.40666666666,0.005638289574882244,Vendre
2026-02-08 21:00:00,70835.17,71136.03,70524.14,70700.0,621.70092,-0.0019082328735852139,70244.49041666667,0.005638196736920352,Vendre
2026-02-08 22:00:00,70700.01,71100.04,70652.11,71066.09,568.07657,0.005178076379066532,70313.93833333334,0.005689445099256439,Vendre
2026-02-08 23:00:00,71066.09,72271.41,70000.0,70330.38,2834.32509,-0.010352476124688925,70357.31333333334,0.006127579657530502,Vendre
2026-02-09 00:00:00,70330.38,70774.4,70123.02,70502.38,961.77536,0.002445600322364294,70414.33791666667,0.006106332721332589,Vendre
2026-02-09 01:00:00,70502.37,70926.4,70068.18,70369.53,1060.82602,-0.001884333550158268,70455.58625,0.006101926173974555,Attendre
2026-02-09 02:00:00,70369.53,71000.0,70220.12,70629.99,832.82995,0.0037013178857383533,70508.05666666666,0.006131827666065896,Vendre
2026-02-09 03:00:00,70629.99,71453.53,70614.07,71307.56,1165.88308,0.009593233695771364,70600.03874999999,0.0063013823665945354,Vendre
2026-02-09 04:00:00,71307.56,71359.37,70924.13,71005.01,663.12266,-0.004242888131356648,70669.4075,0.006383554408753038,Vendre
2026-02-09 05:00:00,71005.01,71112.0,70805.0,71044.51,554.37782,0.0005562987738469971,70745.40708333334,0.006358005865706269,Vendre
2026-02-09 06:00:00,71044.51,71044.52,70311.7,70667.95,697.3032,-0.005300339181732672,70799.85583333333,0.00648632942232426,Vendre
2026-02-09 07:00:00,70667.96,70902.51,70331.57,70422.59,1015.80172,-0.0034720124186423673,70829.51833333333,0.006477044054754399,Attendre
2026-02-09 08:00:00,70422.59,70608.83,69393.97,69873.99,1595.15551,-0.007790113939291188,70796.535,0.00603529454472439,Attendre
2026-02-09 09:00:00,69873.45,70116.0,69478.63,69630.35,1112.26419,-0.0034868482535489465,70776.66666666667,0.005863163247327773,Attendre
2026-02-09 10:00:00,69630.35,69730.38,68420.58,68727.88,2052.69575,-0.012960871229284354,70712.56125,0.006378166808897246,Attendre
2026-02-09 11:00:00,68727.88,69022.89,68573.31,68928.72,1348.78221,0.0029222493113421066,70626.25875,0.0059683529269202885,Acheter
2026-02-09 12:00:00,68928.71,69262.91,68857.97,69147.01,1009.44887,0.0031668947283511883,70538.63625,0.0059565703588503995,Attendre
2026-02-09 13:00:00,69147.02,69299.99,68586.48,68594.57,1029.85836,-0.007989354854244457,70416.96125000001,0.006012863208143732,Attendre
2026-02-09 14:00:00,68594.56,69755.59,68308.0,69272.0,2516.24849,0.009875854604817658,70334.03666666667,0.00644440290168818,Attendre
2026-02-09 15:00:00,69271.99,69884.82,68780.0,69563.37,2308.23216,0.004206172768217886,70266.3025,0.006536952524214955,Attendre
2026-02-09 16:00:00,69563.37,70428.48,69100.0,70093.01,1734.77412,0.007613777193370641,70252.84458333334,0.006404699665186597,Attendre
2026-02-09 17:00:00,70093.0,71000.0,69870.65,70612.29,2206.43168,0.007408442011550109,70245.60708333332,0.006498454714863402,Attendre
2026-02-09 18:00:00,70612.29,71012.0,70088.88,70418.68,1419.6332,-0.0027418739712308238,70215.24999999999,0.00642314680572276,Attendre
2026-02-09 19:00:00,70418.67,71075.31,70260.0,70957.01,878.36448,0.007644704501703181,70195.83499999999,0.006576708829133035,Attendre
2026-02-09 20:00:00,70957.01,71126.0,70500.0,70738.71,948.93614,-0.003076510692882728,70191.81583333334,0.006386282753454829,Attendre
2026-02-09 21:00:00,70738.71,70807.75,69823.52,70400.0,1102.83201,-0.004788184573905951,70179.31583333334,0.006449709694960186,Attendre
2026-02-09 22:00:00,70400.01,70719.7,70271.13,70372.96,530.94981,-0.00038409090909086174,70150.43541666666,0.006348804832759585,Attendre
2026-02-09 23:00:00,70372.96,70572.84,70083.45,70138.0,406.20163,-0.003338782395965856,70142.41958333334,0.006023319693493518,Attendre
2026-02-10 00:00:00,70138.0,70255.36,69743.8,69827.33,569.13678,-0.00442941059055002,70114.2925,0.0060605206193769,Attendre
2026-02-10 01:00:00,69827.34,70527.59,69827.34,70486.82,544.68673,0.009444582801605206,70119.17958333333,0.006371717543384918,Attendre
2026-02-10 02:00:00,70486.82,70486.82,69982.27,70102.89,444.00707,-0.005446833890364267,70097.21708333334,0.006419666689885638,Attendre
2026-02-10 03:00:00,70102.9,70166.22,69208.61,69511.83,911.79715,-0.008431321447660678,70022.395,0.006265366316522874,Attendre
2026-02-10 04:00:00,69511.83,69906.5,69469.58,69831.62,489.42781,0.004600511884092162,69973.50375,0.006328741724620413,Attendre
2026-02-10 05:00:00,69831.62,69864.0,69210.76,69447.64,565.92441,-0.005498655193735935,69906.9675,0.006397838579697542,Attendre
2026-02-10 06:00:00,69447.63,69499.9,68682.0,68921.35,1241.02042,-0.007578227280293337,69834.1925,0.006481879602668732,Acheter
2026-02-10 07:00:00,68921.36,69218.64,68852.43,68919.66,837.11514,-2.4520703671648825e-05,69771.57041666667,0.006463399586923072,Acheter
2026-02-10 08:00:00,68919.66,69226.16,68725.81,69142.0,730.03493,0.0032260751141255373,69741.07083333333,0.006341226186459646,Attendre
2026-02-10 09:00:00,69141.99,69417.7,68950.0,69151.5,1044.9818,0.00013739839750082083,69721.11875,0.006308069760413309,Attendre
2026-02-10 10:00:00,69151.5,69258.52,68921.64,68921.68,686.30742,-0.0033234275467634022,69729.19374999999,0.005746737331792337,Acheter
2026-02-10 11:00:00,68921.68,69085.79,68459.89,68535.01,1128.13956,-0.0056102811190905655,69712.78916666667,0.00583001640328881,Acheter
2026-02-10 12:00:00,68535.02,68855.35,68434.0,68610.12,821.53118,0.0010959362229610026,69690.41875,0.005792878614573065,Attendre
2026-02-10 13:00:00,68610.11,69143.6,68370.23,69027.95,992.44284,0.006089917930474531,69708.47624999999,0.0056932862988672206,Attendre
2026-02-10 14:00:00,69027.94,69591.2,67800.0,68460.4,2352.751,-0.008222031800162122,69674.65958333334,0.005563835385704051,Attendre
2026-02-10 15:00:00,68460.4,69519.72,68300.9,69293.37,1676.38862,0.012167179858721289,69663.40958333334,0.006069461490025187,Attendre
2026-02-10 16:00:00,69293.37,69810.35,68945.23,69517.71,1394.08093,0.003237539175826143,69639.43875,0.005889314406541782,Attendre
2026-02-10 17:00:00,69517.71,69993.65,69309.35,69925.31,899.7843,0.0058632541261787186,69610.81458333334,0.005808973738829222,Attendre
2026-02-10 18:00:00,69925.31,69943.44,68604.63,68894.36,897.73226,-0.01474358855184188,69547.30125,0.006496090691069697,Attendre
2026-02-10 19:00:00,68894.36,69303.99,68690.32,69062.01,805.90106,0.002433435770359038,69468.34291666666,0.006281932217528636,Attendre
2026-02-10 20:00:00,69062.0,69136.91,68629.47,68753.7,425.90627,-0.004464248868516818,69385.63416666667,0.006307172126443131,Attendre
2026-02-10 21:00:00,68753.69,69005.45,68362.0,68656.21,402.88764,-0.0014179600516043278,69312.97624999999,0.006260367820586533,Attendre
2026-02-10 22:00:00,68656.22,68860.4,68566.8,68707.18,289.48213,0.0007423946064017972,69243.56874999999,0.006269603737645425,Attendre
2026-02-10 23:00:00,68707.18,68860.09,68506.2,68841.29,222.30327,0.001951906627516875,69189.53916666667,0.00627602605489959,Attendre
2026-02-11 00:00:00,68841.28,69244.45,68784.47,69201.14,437.64105,0.005227240802721855,69163.44791666667,0.006339663638117491,Attendre
2026-02-11 01:00:00,69201.14,69292.88,68914.73,68982.0,303.52695,-0.0031667108374225927,69100.74708333334,0.0060058768520162755,Attendre
2026-02-11 02:00:00,68982.0,69168.52,68603.4,68677.33,398.35346,-0.004416659418398972,69041.34874999999,0.005975433695550457,Attendre
2026-02-11 03:00:00,68677.34,68751.91,68011.11,68187.99,778.71298,-0.007125204197658719,68986.18875,0.005908852251649017,Attendre
2026-02-11 04:00:00,68188.0,68325.0,67368.0,67584.46,1295.18481,-0.008850972143334856,68892.55708333333,0.0060129391369631875,Attendre
2026-02-11 05:00:00,67584.47,67810.0,67397.86,67404.28,744.08532,-0.0026659974793022956,68807.41708333333,0.005955379712387056,Attendre
2026-02-11 06:00:00,67404.28,67491.84,66557.99,66820.32,1841.79675,-0.00866354480754028,68719.87416666666,0.006009581367502449,Acheter
2026-02-11 07:00:00,66819.84,67254.6,66652.27,67032.72,1293.95919,0.0031786737926426945,68641.25166666666,0.006073713758575371,Acheter
2026-02-11 08:00:00,67032.71,67134.42,66793.93,66981.07,871.78483,-0.0007705192329954258,68551.21291666667,0.006003230201177259,Acheter
2026-02-11 09:00:00,66981.08,67110.04,66716.02,66872.03,712.9704,-0.0016279226354551923,68456.235,0.005995600713435549,Acheter
2026-02-11 10:00:00,66872.03,66891.64,66369.49,66531.99,1318.02907,-0.0050849361085643086,68356.66458333333,0.006031123023601569,Acheter
2026-02-11 11:00:00,66531.99,67110.77,66500.84,67053.03,1011.30301,0.007831420644414777,68294.91541666667,0.006248370339318364,Acheter
2026-02-11 12:00:00,67053.03,67424.24,66959.67,67133.5,1251.20611,0.001200094909954208,68233.38958333334,0.006249846937127385,Acheter
2026-02-11 13:00:00,67133.51,67674.3,66799.58,67454.49,1973.91228,0.004781368467307701,68167.82875,0.006191769287701223,Attendre
2026-02-11 14:00:00,67454.49,68834.34,66435.62,66584.6,3127.14059,-0.012895953998021459,68089.67041666668,0.006496697966527242,Acheter
2026-02-11 15:00:00,66584.61,66818.18,65756.0,66519.73,2796.32516,-0.0009742493008895181,67974.10208333333,0.005848082528056355,Attendre
2026-02-11 16:00:00,66519.72,67250.0,65952.0,66039.09,1746.45856,-0.007225525419300438,67829.15958333334,0.005855219076810251,Acheter
2026-02-11 17:00:00,66039.08,66921.12,65876.0,66518.26,1110.21085,0.007255854070672418,67687.19916666667,0.0059440015629838505,Acheter
2026-02-11 18:00:00,66518.26,67305.28,66150.66,67275.34,935.25515,0.011381536438265227,67619.73999999999,0.005912742175644918,Attendre
2026-02-11 19:00:00,67275.34,67860.44,67105.79,67586.67,1212.94694,0.004627698648568712,67558.2675,0.00598424748357537,Attendre
2026-02-11 20:00:00,67586.66,67757.7,67190.0,67555.98,514.2706,-0.0004540836232943546,67508.3625,0.0059356695074713585,Attendre
2026-02-11 21:00:00,67555.98,68369.77,67417.04,67811.17,1823.53852,0.0037774598192492626,67473.1525,0.006003275246558626,Attendre
2026-02-11 22:00:00,67810.2,67872.68,67387.24,67433.14,541.63723,-0.005574745281640148,67420.0675,0.006084436725479551,Attendre
2026-02-11 23:00:00,67433.54,67563.77,66787.7,67082.52,677.99621,-0.005199520591803952,67346.78541666667,0.006120764310157511,Acheter
2026-02-12 00:00:00,67082.52,67700.0,67055.53,67460.75,581.7604,0.0056382795398859376,67274.26916666668,0.0061396669280533445,Acheter
2026-02-12 01:00:00,67460.75,68047.48,67460.75,67699.01,549.26066,0.00353183147237468,67220.81125000001,0.00619095302430573,Attendre
2026-02-12 02:00:00,67699.01,67800.0,67418.0,67439.14,554.16819,-0.0038386085704945616,67169.22,0.006177232246635038,Acheter
2026-02-12 03:00:00,67439.14,67596.0,67306.61,67580.99,415.78114,0.0021033779493631055,67143.92833333333,0.006048335554115387,Attendre
2026-02-12 04:00:00,67581.0,67682.69,67000.0,67018.4,588.3789,-0.008324678286009246,67120.3425,0.0060170662796535206,Acheter
2026-02-12 05:00:00,67018.4,67209.99,66670.45,67141.93,683.92376,0.001843225144139593,67109.41125,0.00601144964738952,Attendre
2026-02-12 06:00:00,67141.92,67355.93,67014.0,67125.57,830.7495,-0.00024366293909017234,67122.12999999999,0.005731893023009014,Attendre
2026-02-12 07:00:00,67125.57,67330.0,66935.64,67217.72,607.54971,0.001372800260764917,67129.83833333333,0.0057029487218519526,Attendre
2026-02-12 08:00:00,67217.71,67344.0,66891.6,67141.15,783.02638,-0.001139134144984455,67136.50833333333,0.0057059762100115105,Attendre
2026-02-12 09:00:00,67141.15,67699.1,67050.0,67550.47,644.02356,0.006096410323624291,67164.77666666666,0.005820092554237191,Attendre
2026-02-12 10:00:00,67550.46,68026.6,67404.02,68014.01,843.40689,0.006862128420423996,67226.5275,0.005838161664431183,Attendre
2026-02-12 11:00:00,68014.0,68299.0,67740.0,68076.01,1397.59947,0.0009115768942311586,67269.15166666666,0.0056506095549132326,Attendre
2026-02-12 12:00:00,68076.01,68162.02,67720.0,67865.31,829.25823,-0.003095069760992164,67299.64375,0.005700111447906354,Attendre
2026-02-12 13:00:00,67865.32,68397.5,67680.82,68376.58,960.32991,0.007533598535098385,67338.06416666666,0.005817157083135157,Attendre
2026-02-12 14:00:00,68376.58,68410.52,67493.78,67577.02,1431.75163,-0.011693477503554539,67379.415,0.005700022430025049,Attendre
2026-02-12 15:00:00,67577.02,68000.0,67014.98,67134.74,1602.90239,-0.00654482840468551,67405.04041666667,0.005878893968174133,Attendre
2026-02-12 16:00:00,67134.74,67232.04,65556.0,65863.37,3193.11571,-0.018937587305767667,67397.71875,0.00693131702619682,Acheter
2026-02-12 17:00:00,65863.38,66265.06,65374.56,65413.99,2100.56023,-0.006822912341108545,67351.7075,0.0068783321012954625,Acheter
2026-02-12 18:00:00,65414.0,65800.0,65118.0,65590.95,1612.17039,0.0027052317096083467,67281.52458333333,0.006430569338239278,Acheter
2026-02-12 19:00:00,65590.95,66117.51,65274.4,65788.36,1027.63649,0.0030097139925553407,67206.595,0.0063768680281383865,Acheter
2026-02-12 20:00:00,65788.36,66042.24,65215.06,65428.56,894.16583,-0.005469052580122091,67117.9525,0.006436550531101773,Acheter
2026-02-12 21:00:00,65428.24,65900.0,65428.24,65849.87,590.26423,0.006439236932617831,67036.23166666667,0.006549999017986159,Acheter
2026-02-12 22:00:00,65849.86,66399.94,65643.34,66288.0,642.82133,0.006653467956732495,66988.5175,0.006669534669032249,Attendre
2026-02-12 23:00:00,66288.01,66488.9,66156.47,66272.17,907.1379,-0.00023880642046825162,66954.75291666666,0.0066002769028359574,Attendre
2026-02-13 00:00:00,66272.17,66527.09,65872.46,65918.6,765.38996,-0.005335120307664476,66890.49666666666,0.0065374158103502986,Acheter
2026-02-13 01:00:00,65918.61,66619.9,65918.61,66454.95,771.58544,0.008136550230132267,66838.66083333334,0.0067389061509453,Attendre
2026-02-13 02:00:00,66454.95,66759.61,66384.0,66663.08,476.45341,0.0031318961191002526,66806.325,0.00675023310778652,Attendre
2026-02-13 03:00:00,66663.08,66814.0,66462.4,66553.08,569.96335,-0.0016500887747761261,66763.49541666666,0.006731711664774801,Attendre
2026-02-13 04:00:00,66553.09,66671.62,66308.48,66329.22,462.15015,-0.0033636309544201604,66734.77958333334,0.006558674801539898,Acheter
2026-02-13 05:00:00,66329.22,66502.27,66175.79,66175.79,484.2505,-0.0023131585144526845,66694.52375,0.00655146507862177,Acheter
2026-02-13 06:00:00,66175.79,66397.86,66002.98,66359.28,613.96613,0.0027727662941388065,66662.595,0.006587096606090383,Acheter
2026-02-13 07:00:00,66359.28,66568.47,66050.21,66208.96,868.05316,-0.0022652445897543005,66620.56333333334,0.006585007965737983,Acheter
2026-02-13 08:00:00,66208.96,66747.38,66191.52,66699.96,603.02656,0.007415914703991833,66602.18041666667,0.006783618162924924,Acheter
2026-02-13 09:00:00,66699.96,67062.93,66612.86,66959.71,592.93469,0.0038943051839910314,66577.56541666666,0.006708486263604149,Attendre
2026-02-13 10:00:00,66959.72,67116.0,66800.0,66977.66,516.91289,0.00026807165084785645,66534.38416666667,0.00653325311312145,Attendre
2026-02-13 11:00:00,66977.66,67226.66,66783.38,67171.42,488.71065,0.0028929048879879904,66496.69291666667,0.006565871780627994,Attendre
2026-02-13 12:00:00,67171.41,67212.28,66918.38,67084.0,405.35988,-0.0013014463591807246,66464.13833333332,0.006545659624876026,Attendre
2026-02-13 13:00:00,67084.01,67615.34,66938.0,67274.15,1624.06539,0.002834505992487024,66418.20375,0.006363858350628283,Attendre
2026-02-13 14:00:00,67274.14,68028.45,66867.47,67733.51,1724.03844,0.006828179917546251,66424.72416666667,0.006084263157731128,Attendre
2026-02-13 15:00:00,67733.51,69309.8,67692.0,68692.12,3133.0872,0.01415266977896179,66489.615,0.006548502512977671,Attendre
2026-02-13 16:00:00,68692.12,69482.97,68540.83,68954.69,1775.68698,0.0038224180590147316,66618.42,0.005005415191378443,Vendre
2026-02-13 17:00:00,68954.69,69250.25,68636.36,69047.99,921.29676,0.0013530624240352118,66769.83666666667,0.0046497458840617486,Vendre
2026-02-13 18:00:00,69048.0,69411.44,68903.27,69129.99,1063.59333,0.0011875798267262372,66917.29666666668,0.004653825081309716,Vendre
2026-02-13 19:00:00,69129.99,69236.33,68918.79,68938.91,560.0454,-0.002764068098375261,67048.56958333333,0.0047583364482517276,Vendre
2026-02-13 20:00:00,68938.91,68973.35,68683.32,68777.12,555.3285,-0.0023468604304884844,67188.09291666666,0.00458590231705971,Vendre
2026-02-13 21:00:00,68777.13,69079.4,68731.75,68902.48,463.4195,0.0018226991767029688,67315.28499999999,0.004491472230420643,Vendre
2026-02-13 22:00:00,68902.48,69000.0,68726.4,68995.28,544.04056,0.0013468310574598075,67428.08833333333,0.004376411857761776,Vendre
2026-02-13 23:00:00,68995.29,69000.0,68829.2,68853.96,261.19072,-0.0020482560546170037,67535.66291666667,0.004426179385129568,Vendre
2026-02-14 00:00:00,68853.97,69137.5,68768.56,69090.24,447.10398,0.00343161090516797,67667.81458333334,0.00418380993437533,Vendre
2026-02-14 01:00:00,69090.25,69108.8,68921.54,68964.51,344.69001,-0.0018197939390572904,67772.37958333334,0.004036626319135377,Vendre
2026-02-14 02:00:00,68964.51,69006.34,68845.6,68884.21,261.74234,-0.0011643670055799804,67864.92666666667,0.0040587858555655625,Vendre
2026-02-14 03:00:00,68884.21,69027.14,68852.0,68981.99,238.3937,0.001419483507178132,67966.13125,0.004007372166193774,Vendre
2026-02-14 04:00:00,68982.0,68995.11,68789.59,68790.0,489.78591,-0.0027831902210998516,68068.66375,0.0039783751639061015,Vendre
2026-02-14 05:00:00,68790.01,68910.0,68760.0,68773.42,308.2603,-0.00024102340456466642,68176.89833333333,0.003913376916425302,Vendre
2026-02-14 06:00:00,68773.41,68936.98,68730.13,68936.98,470.43757,0.002378244385694339,68284.3025,0.0039091191242076415,Vendre
2026-02-14 07:00:00,68936.98,69343.0,68884.56,69219.26,919.89001,0.004094754368410003,68409.73166666667,0.003851095976547051,Vendre
2026-02-14 08:00:00,69219.27,69870.99,69218.71,69746.2,1347.80343,0.007612621111523055,68536.65833333334,0.003863620250897639,Vendre
2026-02-14 09:00:00,69746.2,69900.0,69566.78,69714.93,555.36385,-0.0004483398378694048,68651.45916666667,0.0038663641378036792,Vendre
2026-02-14 10:00:00,69714.94,69714.94,69585.15,69671.86,257.25533,-0.0006178016674476261,68763.7175,0.003884701189098939,Vendre
2026-02-14 11:00:00,69671.86,70560.01,69671.86,70505.74,1370.55448,0.01196867716751071,68902.6475,0.004416160600900392,Vendre
2026-02-14 12:00:00,70505.74,70533.67,69600.0,69640.2,1278.19574,-0.012276163614480251,69009.15583333334,0.005263097627893819,Vendre
2026-02-14 13:00:00,69640.2,69771.91,69064.6,69460.0,3393.7597,-0.0025875859058417383,69100.23291666666,0.005322612900727975,Vendre
2026-02-14 14:00:00,69460.0,69856.7,69208.09,69701.66,1680.0126,0.003479124676072587,69182.23916666667,0.005215479555416486,Vendre
2026-02-14 15:00:00,69701.66,70048.39,69560.0,69778.28,751.6532,0.0010992564596021825,69227.49583333333,0.004427947407273654,Vendre
2026-02-14 16:00:00,69778.28,69815.0,69283.02,69755.1,1006.67903,-0.0003321950612711344,69260.84625,0.0043800248324447726,Vendre
2026-02-14 17:00:00,69755.1,69930.9,69609.0,69739.38,685.87401,-0.0002253598661603462,69289.65416666666,0.004378354975902576,Vendre
2026-02-14 18:00:00,69739.38,69856.7,69672.55,69772.31,270.42048,0.0004721865895567223,69316.4175,0.004375367586856062,Vendre
2026-02-14 19:00:00,69772.3,69920.6,69619.52,69873.99,332.30706,0.0014573116469844827,69355.37916666667,0.0043274552982422365,Vendre
2026-02-14 20:00:00,69873.99,70028.59,69732.75,70023.09,434.13483,0.0021338412190285982,69407.29458333334,0.004292635560418196,Vendre
2026-02-14 21:00:00,70023.1,70250.46,69668.05,69935.86,640.89584,-0.0012457319435631442,69450.35208333333,0.004305197295482082,Vendre
2026-02-14 22:00:00,69935.86,70100.0,69781.0,69959.75,292.90739,0.00034159871630956573,69490.53833333334,0.004302802635606309,Vendre
2026-02-14 23:00:00,69959.74,70020.0,69723.18,69822.95,336.66314,-0.001955410075078934,69530.91291666667,0.004300370929220387,Vendre
2026-02-15 00:00:00,69822.94,69864.74,69600.0,69777.07,292.27775,-0.0006570905411471539,69559.53083333334,0.004263791489988482,Vendre
2026-02-15 01:00:00,69777.06,69902.7,69350.0,69717.65,400.20039,-0.0008515691472860132,69590.91166666667,0.0042462126443289705,Vendre
2026-02-15 02:00:00,69717.65,69753.9,69341.27,69480.01,375.21945,-0.00340860599862447,69615.73666666666,0.00430783379333677,Vendre
2026-02-15 03:00:00,69480.0,69990.02,69251.5,69954.5,697.2437,0.006829158487455578,69656.25791666667,0.004502389553663495,Vendre
2026-02-15 04:00:00,69954.5,70518.57,69459.35,70183.99,2275.16813,0.0032805609360371246,69714.34083333334,0.004474734233602719,Vendre
2026-02-15 05:00:00,70184.0,70472.43,70132.54,70267.61,540.45783,0.001191439814122841,69776.59875,0.004469156627828482,Vendre
2026-02-15 06:00:00,70267.6,70540.99,70184.09,70405.12,505.71551,0.001956947162426559,69837.77125,0.00446394495143492,Vendre
2026-02-15 07:00:00,70405.12,70926.42,70307.11,70828.42,1425.80275,0.006012346829321613,69904.81958333333,0.004540345734599744,Vendre
2026-02-15 08:00:00,70828.43,70983.0,70182.31,70446.52,898.37828,-0.005391903419559418,69933.99958333334,0.004488569070247802,Vendre
2026-02-15 09:00:00,70446.52,70668.0,70370.3,70419.11,334.99126,-0.00038908948234783747,69963.34041666666,0.004488083516040506,Vendre
2026-02-15 10:00:00,70419.12,70523.94,70208.16,70427.02,382.24903,0.00011232746338318833,69994.80541666667,0.004483154766650145,Vendre
2026-02-15 11:00:00,70427.02,70543.14,70267.6,70295.22,457.63561,-0.0018714408191629062,69986.03375,0.0037720045580113136,Vendre
2026-02-15 12:00:00,70295.22,70418.48,69309.87,69314.21,1027.34588,-0.01395557194358299,69972.45083333334,0.004015108389846028,Vendre
2026-02-15 13:00:00,69314.22,69620.06,68772.2,68930.0,1749.29694,-0.005543019245260239,69950.36750000001,0.004135430598654503,Vendre
2026-02-15 14:00:00,68930.0,69219.71,68845.72,69170.51,629.32577,0.003489191933845781,69928.23625,0.004135832234605543,Vendre
2026-02-15 15:00:00,69170.51,69255.6,68888.0,69099.99,446.59665,-0.0010195096147186389,69899.97416666667,0.00412703668398099,Vendre
2026-02-15 16:00:00,69100.0,69100.0,68658.0,69017.75,1442.09011,-0.0011901593618176554,69869.25125,0.004130149955356984,Attendre
2026-02-15 17:00:00,69017.76,69085.22,68203.6,68641.21,1194.71218,-0.0054556979907341985,69823.49416666666,0.00425474784934775,Attendre
2026-02-15 18:00:00,68641.21,68800.0,68274.31,68451.44,2695.36643,-0.002764665716120107,69768.45791666667,0.004268828197026998,Attendre
2026-02-15 19:00:00,68451.45,68560.84,68000.0,68286.63,2807.35363,-0.0024076922267814993,69702.31791666667,0.0042533448529809455,Attendre
2026-02-15 20:00:00,68286.64,68560.22,68120.0,68450.0,399.94279,0.0023924156163512844,69636.7725,0.0042618106393855935,Attendre
2026-02-15 21:00:00,68450.0,68950.16,68450.0,68852.01,407.5596,0.0058730460189919675,69591.61208333333,0.004481495146502646,Attendre
2026-02-15 22:00:00,68852.01,69078.49,68801.06,68999.96,384.07496,0.002148811632369352,69551.62083333333,0.004513788506791496,Attendre
2026-02-15 23:00:00,68999.96,68999.96,68319.64,68832.58,521.04745,-0.002425798507709298,69510.35541666667,0.004521100819330652,Attendre
2026-02-16 00:00:00,68832.59,69065.5,68700.0,68845.81,349.86984,0.00019220549338694326,69471.55291666667,0.004523836873420459,Attendre
2026-02-16 01:00:00,68845.81,69041.97,68454.54,68630.81,270.08273,-0.0031229206250895647,69426.26791666666,0.004554080939258643,Attendre
2026-02-16 02:00:00,68630.81,68734.0,68243.68,68320.48,683.734,-0.00452173010926149,69377.95416666666,0.004588989957118594,Attendre
2026-02-16 03:00:00,68320.49,68463.96,68143.22,68424.82,453.41167,0.0015272140945146173,69314.2175,0.004331637477685137,Attendre
2026-02-16 04:00:00,68424.82,68894.52,68417.17,68870.07,465.20741,0.006507141706766584,69259.47083333334,0.00451365945923824,Attendre
2026-02-16 05:00:00,68870.07,68900.0,68293.28,68385.29,353.88428,-0.007039051942302588,69181.04083333333,0.004667613829812373,Attendre
2026-02-16 06:00:00,68385.29,68527.8,68228.76,68450.8,240.56615,0.0009579545542617307,69099.61083333334,0.004643370181177721,Attendre
2026-02-16 07:00:00,68450.8,68672.59,68380.0,68587.9,362.20306,0.0020028984321585064,69006.25583333334,0.004441781398674864,Attendre
2026-02-16 08:00:00,68587.89,68798.7,68542.63,68762.85,301.81895,0.0025507414573127107,68936.10291666667,0.004421748206907517,Attendre
2026-02-16 09:00:00,68762.86,69060.77,68748.02,68992.71,453.08481,0.0033427933833458656,68876.66958333334,0.0045088524784695355,Attendre
2026-02-16 10:00:00,68992.7,68992.71,68690.85,68798.22,358.68374,-0.0028189934849639497,68808.80291666667,0.004521547174538207,Attendre
2026-02-16 11:00:00,68798.21,68918.22,68338.9,68812.83,495.50759,0.0002123601453642987,68747.03666666667,0.00452338437156556,Attendre
2026-02-16 12:00:00,68812.84,69848.48,68807.54,69763.24,1602.28029,0.013811523229025902,68765.74625000001,0.004583655711929207,Vendre
2026-02-16 13:00:00,69763.24,70126.67,68225.0,68395.1,1720.62066,-0.019611187783136197,68743.45875,0.006031470188263696,Attendre
2026-02-16 14:00:00,68395.11,68718.3,68260.39,68427.64,1092.6004,0.0004757650767379662,68712.50583333334,0.0059801539736501754,Attendre
2026-02-16 15:00:00,68427.64,68607.22,67294.11,67539.52,2148.07022,-0.012978965809722465,68647.48625,0.006506313746311055,Attendre
2026-02-16 16:00:00,67539.53,67974.86,67513.94,67888.7,895.58119,0.005170010091869015,68600.4425,0.0066237626699218125,Attendre
2026-02-16 17:00:00,67888.7,68074.12,67600.93,67951.86,501.76328,0.0009303462873793134,68571.71958333334,0.0065508514493830584,Attendre
2026-02-16 18:00:00,67951.85,68245.34,67830.82,67860.13,606.24788,-0.0013499262566174508,68547.08166666667,0.006534992370038393,Attendre
2026-02-16 19:00:00,67860.13,68130.0,67824.91,67913.43,262.97624,0.0007854391083539358,68531.53166666666,0.006523578988726158,Attendre
2026-02-16 20:00:00,67913.44,68549.14,67827.11,68530.0,457.58536,0.009078763949928792,68534.865,0.006777294721293317,Attendre
2026-02-16 21:00:00,68530.0,68933.85,68427.18,68862.88,534.27425,0.004857434700131336,68535.31791666667,0.006742572134727976,Attendre
2026-02-16 22:00:00,68862.89,68890.0,68509.07,68591.02,556.75779,-0.003947845341350842,68518.27875000001,0.006773987024831437,Attendre
2026-02-16 23:00:00,68591.01,68978.88,68538.57,68892.43,348.95355,0.0043943070098679815,68520.7725,0.006820566630015294,Attendre
2026-02-17 00:00:00,68892.43,69042.74,68704.36,68878.27,476.69143,-0.0002055378217895587,68522.125,0.0068207110849278635,Attendre
2026-02-17 01:00:00,68878.27,68996.67,68563.16,68618.11,499.89142,-0.003777098350466801,68521.59583333334,0.006835200708758169,Attendre
2026-02-17 02:00:00,68618.12,69241.5,68387.2,68838.48,625.65656,0.0032115428419698944,68543.17916666665,0.006794201718759307,Attendre
2026-02-17 03:00:00,68838.48,68860.68,68470.0,68474.9,367.85689,-0.005281638990285664,68545.26583333334,0.006883905831317925,Attendre
2026-02-17 04:00:00,68474.9,68707.49,68288.0,68481.67,329.69022,9.88683444591576e-05,68529.0825,0.006745582656916412,Attendre
2026-02-17 05:00:00,68481.68,68510.76,67892.0,68245.71,633.07748,-0.003445593543498493,68523.26666666666,0.006626325101204925,Attendre
2026-02-17 06:00:00,68245.71,68519.99,68242.49,68400.0,230.38739,0.002260801448178862,68521.15,0.006640383139259075,Attendre
2026-02-17 07:00:00,68400.01,68480.0,68165.02,68388.12,314.74756,-0.0001736842105264369,68512.82583333334,0.006626549696982303,Attendre
2026-02-17 08:00:00,68388.12,68479.17,68130.78,68177.53,285.96667,-0.003079336001633015,68488.4375,0.006628270764978459,Attendre
2026-02-17 09:00:00,68177.53,68308.37,67992.03,68126.28,404.18575,-0.0007517139444623844,68452.33625000001,0.006582025531590818,Attendre
2026-02-17 10:00:00,68126.29,68194.46,67704.96,67845.3,504.39951,-0.004124399570914372,68412.63124999999,0.006607319077676382,Attendre
2026-02-17 11:00:00,67845.3,67935.73,67690.0,67854.6,507.67784,0.0001370765550450237,68372.705,0.006606954323378116,Attendre
2026-02-17 12:00:00,67854.6,68299.4,67827.52,67919.49,607.94036,0.0009563095206515104,68295.88208333333,0.005871022700658027,Attendre
2026-02-17 13:00:00,67919.49,68360.5,67734.36,68136.34,716.87733,0.003192750711172865,68285.10041666667,0.004407624396028248,Attendre
2026-02-17 14:00:00,68136.35,68337.6,66734.3,66875.06,2328.63639,-0.018511120497520128,68220.40958333333,0.005780762897851098,Attendre
2026-02-17 15:00:00,66875.06,67409.99,66621.06,67392.05,2309.0413,0.007730684652843767,68214.265,0.005441219523280144,Attendre
2026-02-17 16:00:00,67392.06,68158.1,67317.6,67517.36,1448.76651,0.0018594181361153428,68198.7925,0.005343509535768528,Attendre
2026-02-17 17:00:00,67517.36,67714.28,66881.08,67244.22,1144.38591,-0.004045478081488918,68169.30750000001,0.005393444963541983,Attendre
2026-02-17 18:00:00,67244.22,68227.41,67127.86,68098.62,824.93415,0.012705924762009158,68179.24458333333,0.006015575568171572,Attendre
2026-02-17 19:00:00,68098.63,68235.39,67695.45,67793.32,785.88027,-0.0044832039180822125,68174.24,0.006087598586699543,Attendre
2026-02-17 20:00:00,67793.32,67928.08,67484.16,67753.3,471.88623,-0.0005903236484067209,68141.8775,0.005768357516508889,Attendre
2026-02-17 21:00:00,67753.3,67926.29,67538.0,67680.54,253.25027,-0.0010738960316325485,68092.61333333333,0.005656664480785599,Attendre
2026-02-17 22:00:00,67680.55,67788.42,67513.42,67527.72,176.97341,-0.002257960707760187,68048.30916666666,0.0056249851724434995,Attendre
2026-02-17 23:00:00,67527.72,67617.46,67394.0,67503.52,240.26836,-0.00035837134735183795,67990.43791666666,0.005522943056241174,Attendre
2026-02-18 00:00:00,67503.52,67627.97,67290.3,67302.65,186.99827,-0.0029756966747809255,67924.78708333333,0.00553817256122399,Attendre
2026-02-18 01:00:00,67302.65,67378.26,66892.03,67165.2,545.6883,-0.002042267280708776,67864.24916666666,0.005510909669207981,Vendre
2026-02-18 02:00:00,67165.21,67421.99,67153.36,67335.04,250.64041,0.0025286904527939136,67801.60583333333,0.005490610090723979,Vendre
2026-02-18 03:00:00,67335.04,67705.65,67326.98,67629.11,243.56061,0.004367265542576382,67766.36458333333,0.005509447686117745,Vendre
2026-02-18 04:00:00,67629.1,67900.0,67500.1,67823.54,328.68469,0.002874945419213626,67738.9425,0.005551616419064234,Vendre
2026-02-18 05:00:00,67823.55,67938.0,67606.45,67654.8,311.88419,-0.002487926758172665,67714.32125,0.0055320874634625025,Vendre
2026-02-18 06:00:00,67654.81,67976.51,67614.91,67850.52,264.75627,0.0028929211231132346,67691.42625,0.0055465317500057,Vendre
2026-02-18 07:00:00,67850.53,68219.81,67702.7,68106.44,528.49446,0.0037718207612851273,67679.68958333334,0.005609211987069804,Vendre
2026-02-18 08:00:00,68106.44,68476.22,68071.58,68132.82,532.69792,0.000387334883455992,67677.82666666666,0.005575214100834228,Vendre
2026-02-18 09:00:00,68132.83,68276.0,68010.11,68157.79,339.37122,0.00036649004106958927,67679.13958333332,0.005573439028131579,Vendre
2026-02-18 10:00:00,68157.8,68184.41,67731.95,67801.26,395.11187,-0.0052309501232360445,67677.30458333333,0.005613767911026797,Vendre
2026-02-18 11:00:00,67801.26,67805.08,67076.9,67369.75,654.97357,-0.006364336002015247,67657.1025,0.00576119349511534,Attendre
2026-02-18 12:00:00,67369.75,67689.76,67345.0,67458.06,459.50762,0.0013108257044147642,67637.87625,0.005764961888804533,Attendre
2026-02-18 13:00:00,67458.06,67599.7,67051.81,67236.88,549.44565,-0.0032787779547764906,67600.39875,0.005747372862190325,Attendre
2026-02-18 14:00:00,67236.89,67362.26,66717.3,67223.76,1553.71672,-0.0001951310054840727,67614.92791666667,0.004287681572912521,Attendre
2026-02-18 15:00:00,67223.77,68347.72,67192.25,67694.01,1767.46696,0.00699529452086578,67627.50958333333,0.004234006701693593,Vendre
2026-02-18 16:00:00,67694.01,67706.94,66994.23,67145.34,1029.31402,-0.008105148446664656,67612.00875,0.004541111074239466,Vendre
2026-02-18 17:00:00,67145.35,67486.97,67057.13,67187.39,676.97648,0.0006262534376921813,67609.64083333332,0.0044695804987673685,Vendre
2026-02-18 18:00:00,67187.4,67229.76,66200.0,66359.99,1304.49131,-0.01231481085959718,67537.19791666667,0.004285053607331838,Vendre
2026-02-18 19:00:00,66360.0,66619.0,65870.0,66177.14,1301.14212,-0.0027554253700159403,67469.85708333334,0.004239456784612252,Vendre
2026-02-18 20:00:00,66177.15,66550.0,66141.9,66268.39,682.91387,0.001378874940802799,67407.98583333332,0.004266622700644086,Vendre
2026-02-18 21:00:00,66268.4,66504.2,66053.6,66342.76,909.37392,0.0011222545168216858,67352.245,0.0042865519034100885,Vendre
2026-02-18 22:00:00,66342.76,66477.7,66232.02,66408.82,352.09134,0.0009957378921228166,67305.62416666666,0.004290634391202667,Vendre
2026-02-18 23:00:00,66408.83,66502.49,66275.71,66461.0,323.1366,0.0007857390027408151,67262.18583333334,0.0043007892376519695,Vendre
2026-02-19 00:00:00,66461.0,66597.03,66345.0,66446.49,297.42224,-0.0002183235280840412,67226.5125,0.004272401064504313,Vendre
2026-02-19 01:00:00,66446.49,66884.16,66446.48,66866.62,415.14671,0.00632283210143969,67214.07166666667,0.004479400295807421,Vendre
2026-02-19 02:00:00,66866.63,66958.9,66639.99,66835.2,362.58869,-0.00046989065695257626,67193.24500000001,0.00444234617635461,Vendre
2026-02-19 03:00:00,66835.2,66997.07,66727.27,66980.91,262.07528,0.0021801386095949837,67166.23666666666,0.0043641647562664525,Vendre
2026-02-19 04:00:00,66980.91,67070.56,66759.0,66802.75,389.01702,-0.002659862339881691,67123.70375,0.004330125758060223,Vendre
2026-02-19 05:00:00,66802.74,66893.06,66679.76,66871.35,253.79395,0.0010269038325518842,67091.06000000001,0.004323730797661826,Vendre
2026-02-19 06:00:00,66871.34,67290.4,66865.43,67150.12,468.59633,0.004168750892571849,67061.87666666666,0.004374499820206171,Vendre
2026-02-19 07:00:00,67150.12,67320.0,67028.7,67206.45,481.75258,0.0008388667064185285,67024.37708333333,0.004292413614575116,Vendre
2026-02-19 08:00:00,67206.45,67206.45,66785.56,66966.12,559.76369,-0.0035759960539502034,66975.76458333334,0.004331039766000233,Vendre
2026-02-19 09:00:00,66966.12,67191.83,66754.23,66836.0,463.29328,-0.0019430721087020375,66920.69,0.004331729964955621,Vendre
2026-02-19 10:00:00,66836.01,66958.4,66741.77,66843.08,368.25421,0.00010593093542410337,66880.76583333334,0.004230534957027807,Vendre
2026-02-19 11:00:00,66843.08,66936.42,66478.02,66496.02,488.02461,-0.005192160504871923,66844.36041666666,0.004167196064945931,Vendre
2026-02-19 12:00:00,66496.03,66680.7,66325.34,66516.67,484.41025,0.0003105449017850592,66805.13583333333,0.004152905550185922,Vendre
2026-02-19 13:00:00,66516.67,66556.59,65763.0,65913.37,1377.50527,-0.009069906836887687,66749.98958333333,0.004472639764863028,Vendre
2026-02-19 14:00:00,65913.38,66662.3,65631.83,66421.2,1506.37269,0.007704506688096746,66716.54958333333,0.004799252425082981,Vendre
2026-02-19 15:00:00,66421.2,66755.39,65966.0,66398.0,1083.30553,-0.00034928607131456957,66662.54916666668,0.004527733533914971,Vendre
2026-02-19 16:00:00,66398.01,66514.95,65899.25,66293.53,940.96239,-0.0015733907647821344,66627.05708333333,0.004257484751354236,Vendre
2026-02-19 17:00:00,66293.53,67049.99,66173.15,66369.42,899.04062,0.001144757263642493,66592.975,0.004264879869171278,Vendre
2026-02-19 18:00:00,66369.42,67073.13,66228.49,67030.49,865.51701,0.009960460706150531,66620.9125,0.003997694765865553,Vendre
2026-02-19 19:00:00,67030.5,67198.1,66700.0,67050.0,706.47789,0.00029106157511304964,66657.28166666666,0.003940217297690455,Vendre
2026-02-19 20:00:00,67050.0,67166.98,66823.03,67149.11,444.88336,0.0014781506338552575,66693.97833333333,0.003941173386813122,Vendre
2026-02-19 21:00:00,67149.11,67168.86,66900.92,66916.51,265.40447,-0.003463932731200825,66717.88458333333,0.004022944543932933,Vendre
2026-02-19 22:00:00,66916.51,67000.0,66652.34,66915.14,854.02212,-2.0473273337096032e-05,66738.98125,0.004021382526315895,Vendre
2026-02-19 23:00:00,66915.15,67023.61,66814.76,67003.73,304.63969,0.001323915634040329,66761.595,0.004025565994611134,Vendre
2026-02-20 00:00:00,67003.73,67486.62,66949.41,67228.91,595.00262,0.003360708426232595,66794.19583333333,0.004069774726210433,Vendre
2026-02-20 01:00:00,67228.91,67355.79,67150.0,67279.9,313.31598,0.0007584534689017985,66811.41583333333,0.003877332558614901,Vendre
2026-02-20 02:00:00,67279.91,67347.76,67181.28,67242.03,232.09759,-0.0005628724180624101,66828.36708333333,0.0038781440799741775,Vendre
2026-02-20 03:00:00,67242.03,67488.67,67241.24,67366.25,332.50492,0.001847356482247875,66844.42291666666,0.0038715700081164177,Vendre
2026-02-20 04:00:00,67366.25,67402.23,67115.38,67264.83,362.39174,-0.0015055016421426926,66863.67625,0.003840946032886488,Vendre
2026-02-20 05:00:00,67264.83,68006.0,67203.19,67790.1,1107.38598,0.007808984279005893,66901.9575,0.004135387307683913,Vendre
2026-02-20 06:00:00,67790.11,67894.2,67660.12,67847.47,482.66553,0.0008462887648785777,66931.01375,0.004064930335465367,Vendre
2026-02-20 07:00:00,67847.47,67990.0,67767.4,67825.91,459.03505,-0.00031777161329671344,66956.82458333333,0.00406683298004432,Vendre
2026-02-20 08:00:00,67825.91,67950.85,67747.33,67879.99,290.00035,0.0007973354135610844,66994.9025,0.00397840594428905,Vendre
2026-02-20 09:00:00,67879.99,68230.01,67879.99,68218.85,996.7879,0.004992045520336719,67052.52125,0.004039143548230994,Vendre
2026-02-20 10:00:00,68218.85,68318.39,67843.42,67948.99,638.74258,-0.003955798140836464,67098.60083333333,0.004155590575411705,Vendre
2026-02-20 11:00:00,67948.99,67983.91,67280.6,67318.41,1489.10389,-0.009280196806457308,67132.86708333333,0.004478510788936993,Vendre
2026-02-20 12:00:00,67318.41,67594.0,67276.41,67541.77,603.15784,0.003317963095087917,67175.57958333332,0.004514271262098933,Vendre
2026-02-20 13:00:00,67541.78,67541.78,66280.2,66801.62,7078.59491,-0.010958403962466612,67212.59000000001,0.004703505269548985,Attendre
2026-02-20 14:00:00,66801.62,67317.5,66532.87,67069.65,5263.48808,0.004012327844743924,67239.60875,0.00451662428716621,Attendre
2026-02-20 15:00:00,67069.65,68083.98,66536.64,67582.95,3143.21056,0.007653238089061265,67288.98166666666,0.0047472756739700035,Attendre
2026-02-20 16:00:00,67582.95,67921.7,67283.24,67795.47,1312.90303,0.0031445801048934907,67351.5625,0.0047446473916214656,Attendre
2026-02-20 17:00:00,67795.48,67795.48,66952.11,67613.37,6085.1555,-0.0026860201721443655,67403.39375,0.004801717212796514,Attendre
2026-02-20 18:00:00,67613.38,68000.0,67466.11,67924.21,1321.6326,0.0045973155900971285,67440.63208333333,0.004469443484184866,Acheter
2026-02-20 19:00:00,67924.22,68000.0,67548.85,67646.03,854.45567,-0.004095446969497485,67465.46666666666,0.004569556984785354,Acheter
2026-02-20 20:00:00,67646.03,67885.55,67520.3,67750.4,685.93834,0.0015428843348235244,67490.52041666667,0.004570253128444533,Acheter
2026-02-20 21:00:00,67750.4,67840.0,67639.29,67825.87,451.92527,0.001113941762705517,67528.41041666667,0.004497735918171549,Attendre
2026-02-20 22:00:00,67825.87,68116.6,67639.31,68078.13,669.63597,0.003719229845485339,67576.86833333333,0.004540880129226388,Attendre
2026-02-20 23:00:00,68078.13,68233.99,67914.0,68020.01,582.73901,-0.0008537249774634992,67619.21333333333,0.004550204191288151,Attendre
2026-02-21 00:00:00,68020.0,68051.16,67787.19,67841.0,537.54494,-0.0026317255760472946,67644.71708333334,0.004558672817196856,Attendre
2026-02-21 01:00:00,67841.0,68005.99,67841.0,67951.24,250.62697,0.0016249760469333463,67672.68958333334,0.004565163845712055,Attendre
2026-02-21 02:00:00,67951.25,68099.54,67913.3,68001.05,224.56497,0.0007330256224904463,67704.31541666666,0.004560647969238675,Attendre
2026-02-21 03:00:00,68001.04,68001.04,67534.69,67667.77,569.35853,-0.004901100791826041,67716.87875,0.004679036874040362,Attendre
2026-02-21 04:00:00,67667.77,67846.88,67593.99,67816.97,228.62441,0.0022048901567170986,67739.88458333333,0.004681649279757368,Attendre
2026-02-21 05:00:00,67816.98,67888.4,67799.7,67851.93,141.24714,0.0005155051899250473,67742.46083333333,0.004405048193831985,Attendre
2026-02-21 06:00:00,67851.93,67924.39,67750.96,67793.38,228.15051,-0.0008629083947941929,67740.20708333333,0.004405385717112587,Attendre
2026-02-21 07:00:00,67793.39,67884.74,67749.59,67856.01,118.21011,0.000923836516190768,67741.46125000001,0.004409073510182238,Attendre
2026-02-21 08:00:00,67856.01,68079.41,67807.3,68055.03,293.16321,0.0029329752810400844,67748.75458333334,0.004446669928656965,Attendre
2026-02-21 09:00:00,68055.04,68314.54,67978.9,68147.53,599.79254,0.0013591941697770338,67745.78291666666,0.004333899623666447,Attendre
2026-02-21 10:00:00,68147.54,68250.0,68139.65,68215.54,212.21766,0.0009979818784333627,67756.88916666666,0.0042562961777292165,Attendre
2026-02-21 11:00:00,68215.55,68283.34,68084.0,68092.45,279.32431,-0.0018044275541906352,67789.14083333334,0.003781564014503121,Attendre
2026-02-21 12:00:00,68092.45,68218.2,67915.0,68203.42,307.88407,0.0016296960969974794,67816.70958333333,0.0037420378291919145,Attendre
2026-02-21 13:00:00,68203.42,68260.0,68106.89,68259.99,202.25945,0.0008294305476177488,67877.47499999999,0.002852462832976559,Attendre
2026-02-21 14:00:00,68259.99,68644.0,68180.53,68450.01,880.51744,0.0027837683539067015,67934.99,0.0028048857239385363,Attendre
2026-02-21 15:00:00,68450.01,68698.7,68417.0,68615.0,427.6444,0.0024103721825607938,67977.99208333333,0.002431552512259892,Attendre
2026-02-21 16:00:00,68615.01,68630.76,68101.78,68322.6,658.4992,-0.004261458864679657,67999.95583333334,0.002565413501187009,Vendre
2026-02-21 17:00:00,68322.61,68474.01,68200.0,68437.45,212.23015,0.0016809957466488168,68034.2925,0.0024964387624044804,Vendre
2026-02-21 18:00:00,68437.45,68644.0,68383.08,68574.0,320.28262,0.0019952525992712467,68061.36708333333,0.0023641107564092716,Attendre
2026-02-21 19:00:00,68573.99,68658.5,68526.81,68543.51,219.15242,-0.0004446291597399732,68098.76208333333,0.0021719592416967297,Attendre
2026-02-21 20:00:00,68543.51,68605.63,68190.0,68211.19,369.37236,-0.004848307301449695,68117.96166666667,0.002422489904574591,Attendre
2026-02-21 21:00:00,68211.19,68390.93,68183.1,68379.95,170.62817,0.0024740808656174007,68141.04833333332,0.0024583628113833064,Attendre
2026-02-21 22:00:00,68379.95,68437.56,67900.0,67972.0,378.72918,-0.005965930071607173,68136.62625,0.0026660229524945894,Attendre
2026-02-21 23:00:00,67972.0,68124.54,67941.02,67975.93,202.81655,5.781792502790317e-05,68134.78958333333,0.0026607351664818886,Attendre
2026-02-22 00:00:00,67975.93,68060.4,67809.78,67946.0,294.60551,-0.00044030291310459546,68139.16458333333,0.002604344573896578,Attendre
2026-02-22 01:00:00,67946.0,68171.46,67945.99,68159.31,265.09117,0.0031394048214758996,68147.83416666667,0.002661437606259011,Attendre
2026-02-22 02:00:00,68159.32,68222.16,67872.76,67909.68,289.41881,-0.00366244904767965,68144.02708333333,0.0027673232542651713,Attendre
2026-02-22 03:00:00,67909.67,68062.03,67824.9,68041.43,265.36653,0.00194007687858333,68159.59625,0.002593009438832365,Attendre
2026-02-22 04:00:00,68041.42,68086.0,67966.52,67983.5,199.56269,-0.0008513930409750348,68166.535,0.0025668589377753097,Attendre
2026-02-22 05:00:00,67983.5,68011.75,67881.81,67977.52,154.76424,-8.796252031739726e-05,68171.76791666668,0.002565621954430012,Attendre
2026-02-22 06:00:00,67977.52,68178.79,67972.89,68038.13,303.09242,0.0008916182879281642,68181.96583333334,0.002562575159251183,Attendre
2026-02-22 07:00:00,68038.14,68095.57,67990.5,68005.3,266.37265,-0.00048252354966249467,68188.18625,0.002560268241241355,Attendre
2026-02-22 08:00:00,68005.3,68019.46,67912.02,67950.1,183.6609,-0.0008117014409170231,68183.81416666666,0.0024929990833310028,Attendre
2026-02-22 09:00:00,67950.11,68101.46,67948.74,68053.32,173.06503,0.0015190558954292221,68179.88875,0.00249716953441917,Attendre
2026-02-22 10:00:00,68053.33,68153.2,68012.78,68129.56,204.92643,0.001120298025136579,68176.30625000001,0.002499534962398427,Vendre
2026-02-22 11:00:00,68129.57,68245.0,68129.56,68219.97,171.48901,0.001327030440237742,68181.61958333333,0.0024856398360742875,Vendre
2026-02-22 12:00:00,68219.97,68232.4,67871.59,67928.22,372.42816,-0.004276606981797215,68170.15291666666,0.0026146678221414823,Vendre
2026-02-22 13:00:00,67928.23,68040.8,67571.08,67652.38,679.59468,-0.004060757075630694,68144.83583333333,0.002722124981347007,Vendre
2026-02-22 14:00:00,67652.38,67682.47,67353.75,67443.89,825.57077,-0.003081783671173177,68102.91416666667,0.002689882450207183,Vendre
2026-02-22 15:00:00,67443.89,67813.2,67303.5,67684.14,653.6397,0.003562220387940185,68064.12833333334,0.0027556495967523283,Vendre
2026-02-22 16:00:00,67684.15,67718.13,67513.83,67632.76,299.2772,-0.0007591143213167006,68035.385,0.0026417879404637885,Vendre
2026-02-22 17:00:00,67632.76,67635.22,67190.0,67384.49,691.10182,-0.003670854183682404,67991.51166666667,0.0026823485803366847,Vendre
2026-02-22 18:00:00,67384.48,67461.41,67313.54,67422.62,362.52705,0.000565857217291299,67943.53749999999,0.0026367174813816184,Vendre
2026-02-22 19:00:00,67422.63,67488.7,67403.37,67428.32,222.75597,8.454136015489944e-05,67897.07125,0.0026411715800574577,Vendre
2026-02-22 20:00:00,67428.32,67491.96,67350.0,67401.74,272.50364,-0.0003941963851390451,67863.34416666666,0.002487556136358296,Vendre
2026-02-22 21:00:00,67401.74,67643.94,67401.74,67612.66,235.86316,0.0031292960686177818,67831.37375,0.0025248660172111437,Vendre
2026-02-22 22:00:00,67612.66,67751.44,67485.34,67666.16,369.66378,0.0007912719304343785,67818.63041666667,0.0022464129897696635,Vendre
2026-02-22 23:00:00,67666.16,67730.98,67469.58,67643.4,418.79352,-0.0003363571983397984,67804.77500000001,0.002245997875109514,Vendre
2026-02-23 00:00:00,67643.39,67684.86,66715.01,66740.47,765.22691,-0.013348382842967577,67754.54458333334,0.003500650090867786,Attendre
2026-02-23 01:00:00,66740.47,66740.47,64290.71,64427.65,7324.06208,-0.03465393635975289,67599.05875000001,0.007682466478056739,Acheter
2026-02-23 02:00:00,64427.64,64916.85,64325.98,64783.56,1843.2569,0.005524180999927797,67468.80375,0.007839635282505922,Attendre
2026-02-23 03:00:00,64783.56,65079.79,64700.0,64934.17,1090.11911,0.0023248182100521486,67339.33458333333,0.00784828525424646,Attendre
2026-02-23 04:00:00,64934.18,65040.29,64685.64,64808.31,792.86138,-0.0019382707132469257,67207.03499999999,0.007845012374682535,Attendre
2026-02-23 05:00:00,64808.31,65294.8,64796.85,65070.9,1215.1894,0.004051795209595754,67085.92583333333,0.00793300154352064,Attendre
2026-02-23 06:00:00,65070.9,65802.09,65033.9,65757.32,1085.08146,0.010548801384336226,66990.89208333334,0.00831077533230741,Vendre
2026-02-23 07:00:00,65757.33,66015.22,65641.55,65958.94,1026.69503,0.003066122524458148,66905.62708333334,0.008358977219429346,Vendre
2026-02-23 08:00:00,65958.94,65958.94,65565.78,65676.44,895.54696,-0.004282967555270023,66810.89125,0.008381278772469181,Vendre
2026-02-23 09:00:00,65676.44,66456.5,65672.76,66404.91,974.96031,0.011091800956324782,66742.2075,0.008745263169124027,Vendre
2026-02-23 10:00:00,66404.92,66600.0,66220.0,66319.69,789.042,-0.0012833388374444699,66666.79625,0.008733873111163424,Vendre
2026-02-23 11:00:00,66319.69,66487.37,66114.22,66207.23,534.45165,-0.0016957256585488079,66582.93208333333,0.008719374045581069,Vendre
2026-02-23 12:00:00,66207.23,66511.51,65886.51,66280.4,754.07687,0.0011051663088759156,66514.27291666667,0.008706274454297749,Vendre
2026-02-23 13:00:00,66280.4,66430.52,66103.35,66132.66,807.41354,-0.0022290149124023495,66450.95125,0.008686152033786153,Attendre
2026-02-23 14:00:00,66132.65,66264.95,65529.73,65923.53,971.74614,-0.003162280180473709,66387.60291666667,0.008687042790670106,Vendre
2026-02-23 15:00:00,65923.52,66250.0,65579.53,65660.1,1263.10354,-0.0039959935397876345,66303.26791666666,0.008654698461465963,Attendre
2026-02-23 16:00:00,65660.1,65724.28,65178.83,65364.65,1502.46383,-0.004499688547535019,66208.76333333332,0.008679536776529074,Attendre
2026-02-23 17:00:00,65364.66,65451.01,64152.04,64813.26,2524.7894,-0.008435599364488233,66101.62874999999,0.00878794402292379,Attendre
2026-02-23 18:00:00,64813.27,65194.51,64586.0,64635.49,994.68933,-0.0027428029387813746,65985.49833333334,0.008778729211743259,Attendre
2026-02-23 19:00:00,64635.49,64855.18,64048.71,64295.1,2158.00321,-0.005266301841294951,65854.9475,0.00879883035548045,Acheter
2026-02-23 20:00:00,64295.11,64487.94,63888.79,64473.14,1313.21455,0.0027691068215152104,65732.9225,0.008846602580210371,Acheter
2026-02-23 21:00:00,64473.14,64783.54,64459.44,64580.66,593.24685,0.001667671219363731,65606.58916666667,0.008816091428800321,Acheter
2026-02-23 22:00:00,64580.66,65035.98,64555.59,64725.56,1451.85665,0.002243705778169458,65484.06416666667,0.008840121278484917,Acheter
2026-02-23 23:00:00,64725.56,64900.63,64538.9,64656.02,404.81213,-0.001074382361465842,65359.590000000004,0.008836049250943263,Acheter
2026-02-24 00:00:00,64656.01,65026.75,64656.01,64941.43,437.59997,0.004414283465020041,65284.630000000005,0.008570301710323466,Acheter
2026-02-24 01:00:00,64941.42,64941.42,63433.84,64160.27,2402.75927,-0.012028684924246358,65273.489166666666,0.00536369254064484,Acheter
2026-02-24 02:00:00,64160.26,64500.0,64000.0,64109.81,599.63527,-0.0007864680120579504,65245.41625,0.00522586074163088,Acheter
2026-02-24 03:00:00,64109.8,64109.8,63342.9,63595.51,1312.76931,-0.00802217320562948,65189.63874999999,0.005412823802491643,Acheter
2026-02-24 04:00:00,63595.51,63628.52,62868.69,63378.84,2096.9105,-0.0034070015320264435,65130.07750000001,0.005433882524737554,Acheter
2026-02-24 05:00:00,63378.84,63551.58,62700.8,63104.79,1274.07037,-0.004323998356549175,65048.15625,0.005369625393686188,Acheter
2026-02-24 06:00:00,63104.79,63322.28,62900.0,63082.79,677.94768,-0.00034862646718258894,64936.7175,0.004752616593804768,Acheter
2026-02-24 07:00:00,63082.79,63367.2,62866.42,63192.96,890.96125,0.0017464351212113094,64821.46833333333,0.004702228097337107,Acheter
2026-02-24 08:00:00,63192.79,63444.66,63009.92,63392.15,669.14656,0.003152091625396203,64726.28958333333,0.004774032605513114,Acheter
2026-02-24 09:00:00,63392.15,63411.8,62908.92,63249.99,657.17066,-0.00224254895913778,64594.83458333334,0.0039550641261544,Acheter
2026-02-24 10:00:00,63250.0,63369.71,63112.7,63284.5,447.19211,0.0005456127344842798,64468.368333333325,0.003987335422331828,Acheter
2026-02-24 11:00:00,63284.51,63317.95,63063.63,63227.1,461.08382,-0.0009070151458888676,64344.19625,0.003992703322037928,Acheter
2026-02-24 12:00:00,63227.11,63343.59,62965.21,62969.05,642.15852,-0.004081319560757857,64206.223333333335,0.003962685659813106,Acheter
2026-02-24 13:00:00,62969.04,63100.0,62510.28,62900.0,2362.19948,-0.001096570458026691,64071.52916666667,0.003968139495089382,Acheter
2026-02-24 14:00:00,62900.01,63834.21,62762.03,63453.99,1408.18955,0.008807472178060438,63968.631666666675,0.004537378992505523,Acheter
2026-02-24 15:00:00,63454.0,64031.76,63300.0,63973.97,1127.10688,0.008194598952721455,63898.37625,0.004921231387533078,Acheter
2026-02-24 16:00:00,63973.98,64428.9,63689.54,64265.52,1423.20973,0.004557322298428534,63852.57916666667,0.004993665008520818,Acheter
2026-02-24 17:00:00,64265.53,64520.0,64042.8,64219.71,1017.32505,-0.0007128239217545351,63827.84791666667,0.0047141449145899645,Acheter
2026-02-24 18:00:00,64219.7,64500.0,63872.72,64435.06,809.89318,0.0033533318664940026,63819.49666666667,0.0047450156688640215,Acheter
2026-02-24 19:00:00,64435.05,64743.11,64250.52,64435.03,722.29463,-4.6558504018801017e-07,63825.32708333334,0.004616646104046082,Acheter
2026-02-24 20:00:00,64435.03,64591.99,64318.03,64472.9,409.22444,0.000587723789373662,63825.31708333333,0.004583181534549567,Attendre
2026-02-24 21:00:00,64472.9,64472.9,63820.5,64042.66,576.40912,-0.006673191371878717,63802.900416666664,0.004764656429109404,Acheter
2026-02-24 22:00:00,64042.66,64227.81,63973.79,64120.95,288.16182,0.0012224663997402185,63777.708333333336,0.0047451213288966275,Attendre
2026-02-24 23:00:00,64120.96,64248.65,63853.99,64058.15,389.41705,-0.00097939908875333,63752.79708333333,0.004744556722821467,Acheter
2026-02-25 00:00:00,64058.15,64319.29,63913.27,64224.3,292.38037,0.002593737096684867,63722.916666666664,0.004678733096436649,Acheter
2026-02-25 01:00:00,64224.29,66300.0,64145.2,65896.75,2840.08056,0.026040766501152834,63795.27,0.006629799279285386,Attendre
2026-02-25 02:00:00,65896.74,66310.0,65866.66,65884.83,1252.91602,-0.00018088904232760328,63869.229166666664,0.006623320922584229,Attendre
2026-02-25 03:00:00,65884.84,65955.87,65350.28,65391.73,801.79518,-0.007484272176159545,63944.07166666668,0.006591735505143966,Acheter
2026-02-25 04:00:00,65391.74,65650.0,65116.65,65457.99,723.49717,0.0010132779787290769,64030.70291666667,0.006519300988103036,Acheter
2026-02-25 05:00:00,65458.0,65511.21,64755.26,64882.76,831.61343,-0.008787773654522435,64104.785,0.006748340458848818,Acheter
2026-02-25 06:00:00,64882.77,65124.04,64865.78,64898.22,394.76962,0.00023827593030878447,64180.42791666667,0.006743622016639735,Acheter
2026-02-25 07:00:00,64898.22,65193.25,64781.18,65028.3,682.59011,0.0020043693031950305,64256.900416666664,0.006744728768761989,Attendre
2026-02-25 08:00:00,65028.3,65586.87,64955.79,65530.49,694.36389,0.007722637682362921,64345.997916666674,0.006865243952594265,Attendre
2026-02-25 09:00:00,65530.48,65692.62,65396.47,65558.71,545.80832,0.00043063923373698465,64442.19458333334,0.006825049191574769,Attendre
2026-02-25 10:00:00,65558.71,65648.74,65345.0,65400.87,315.12553,-0.002407612962488148,64530.37666666667,0.006869800138988431,Attendre
2026-02-25 11:00:00,65400.87,65485.91,65200.8,65430.04,442.6001,0.00044601853155779025,64622.16583333333,0.006855633482639524,Attendre
2026-02-25 12:00:00,65430.04,66240.0,65324.62,66068.94,1316.71816,0.009764627990445973,64751.32791666666,0.006951801003530046,Attendre
2026-02-25 13:00:00,66068.94,66684.1,66025.39,66248.62,1860.04287,0.0027195835138265068,64890.85375,0.006920817835715014,Attendre
2026-02-25 14:00:00,66248.63,67009.78,66202.66,66973.2,2180.16784,0.01093728442947195,65037.487499999996,0.0070223199756430255,Attendre
2026-02-25 15:00:00,66973.19,67578.0,66715.13,67412.33,2522.90832,0.006556801825207792,65180.7525,0.006970056863102763,Acheter
2026-02-25 16:00:00,67412.32,68332.0,67404.0,68297.35,2059.42933,0.013128458844249957,65348.745416666665,0.007307161876166903,Attendre
2026-02-25 17:00:00,68297.35,68879.96,68016.53,68674.2,2463.18666,0.005517783632893458,65534.34916666666,0.007296357462152358,Attendre
2026-02-25 18:00:00,68674.2,69550.0,68373.33,69328.07,2105.00773,0.009521334067233544,65738.22458333333,0.007423353661272057,Attendre
2026-02-25 19:00:00,69328.06,69406.93,68764.94,69038.26,1672.83962,-0.00418026926178694,65930.02583333333,0.007546783556439457,Attendre
2026-02-25 20:00:00,69038.26,69374.95,68619.22,69148.69,1076.93003,0.0015995478449197797,66124.85041666667,0.007536086273479671,Attendre
2026-02-25 21:00:00,69148.69,69988.83,68773.83,68919.72,1562.1195,-0.003311270249660603,66328.06125000001,0.007379072933121446,Attendre
2026-02-25 22:00:00,68919.72,69176.0,68055.91,68432.13,1092.88431,-0.007074753060517303,66507.69374999999,0.007659348097926505,Attendre
2026-02-25 23:00:00,68432.13,68696.97,67600.0,67988.04,1020.21792,-0.0064894955045241565,66671.43916666666,0.007855835145595659,Attendre
2026-02-26 00:00:00,67988.04,68539.17,67727.52,68335.99,1134.56842,0.005117811897504598,66842.75958333333,0.007873833915727973,Attendre
2026-02-26 01:00:00,68335.99,68700.0,68210.35,68248.3,619.19035,-0.0012832184036553063,66940.74083333333,0.0061199848974401345,Attendre
2026-02-26 02:00:00,68248.3,68351.0,67779.93,68257.45,833.1941,0.00013406927352033193,67039.6,0.006116605413614445,Attendre
2026-02-26 03:00:00,68257.46,68379.59,68044.18,68216.86,408.51743,-0.0005946603630812008,67157.31374999999,0.005832010183140877,Attendre
2026-02-26 04:00:00,68216.87,68860.0,68179.62,68571.36,587.55874,0.005196662525950302,67287.03749999999,0.005870483272968487,Attendre
2026-02-26 05:00:00,68571.36,68571.37,68127.58,68443.81,486.81983,-0.0018601060267727787,67435.41458333333,0.005476411654260615,Attendre
2026-02-26 06:00:00,68443.82,68522.0,68042.9,68176.75,618.63359,-0.0039018868178144483,67572.02,0.005605984088809728,Attendre
2026-02-26 07:00:00,68176.75,68290.18,67817.87,67825.04,840.14406,-0.00515879680389586,67688.55083333334,0.005797091231764967,Attendre
2026-02-26 08:00:00,67825.05,68236.0,67792.0,67954.01,761.69108,0.0019015101207460194,67789.53083333334,0.005657394048662188,Attendre
2026-02-26 09:00:00,67954.0,68644.59,67933.25,68589.41,1095.31619,0.009350441570703527,67915.81,0.005871017423938227,Vendre
2026-02-26 10:00:00,68589.41,68722.64,68257.64,68301.62,688.66072,-0.004195837229100108,68036.67458333333,0.005939032134495869,Vendre
2026-02-26 11:00:00,68301.61,68404.25,67965.46,68051.31,722.94931,-0.003664773983398928,68145.89416666667,0.006039020028352366,Attendre
2026-02-26 12:00:00,68051.3,68303.83,68009.88,68171.56,642.07881,0.0017670490105186065,68233.50333333334,0.005787517353670447,Attendre
2026-02-26 13:00:00,68171.55,68213.98,67848.69,67905.35,698.96783,-0.0039050008537283576,68302.53375,0.005875283065028173,Attendre
2026-02-26 14:00:00,67905.34,68272.21,67264.22,67697.74,1769.26733,-0.0030573437880815346,68332.72291666667,0.005535580023117118,Attendre
2026-02-26 15:00:00,67696.89,67743.36,66761.16,67382.0,2095.8814,-0.004663966625769289,68331.45916666667,0.005472016100146739,Attendre
2026-02-26 16:00:00,67382.0,67566.85,66500.0,66643.55,2050.20093,-0.010959158232168753,68262.55083333333,0.005158551568777103,Acheter
2026-02-26 17:00:00,66643.56,67044.1,66600.46,66826.8,885.82755,0.002749703459674624,68185.57583333334,0.0050357838381634625,Acheter
2026-02-26 18:00:00,66826.8,67373.9,66575.73,67310.53,1058.47196,0.0072385629717417466,68101.51166666667,0.004843886845876562,Attendre
2026-02-26 19:00:00,67310.53,67903.12,67285.99,67589.22,1235.95013,0.004140362585170587,68041.135,0.004919861955902624,Attendre
2026-02-26 20:00:00,67589.21,67831.11,67269.42,67414.07,597.88987,-0.0025913895736626724,67968.85916666668,0.004902674889190431,Attendre
2026-02-26 21:00:00,67414.07,67575.97,67150.14,67463.65,299.84732,0.0007354547796918354,67908.18958333333,0.004890971080438315,Attendre
2026-02-26 22:00:00,67463.65,67630.22,67301.75,67572.3,291.6336,0.0016104969120409596,67872.36333333333,0.004731229337101657,Attendre
2026-02-26 23:00:00,67572.3,67656.11,67390.65,67485.18,314.51737,-0.0012892856984297874,67851.41083333333,0.004561810118599085,Attendre
2026-02-27 00:00:00,67485.19,67537.84,67000.0,67226.5,462.9103,-0.0038331378830136487,67805.18208333333,0.004464532148745893,Attendre
2026-02-27 01:00:00,67226.5,67398.86,66885.0,67352.26,818.15438,0.0018706908733905347,67767.84708333333,0.004492099127314855,Attendre
2026-02-27 02:00:00,67352.26,67546.15,67263.56,67266.58,463.09611,-0.0012721176691026237,67726.56083333334,0.004492083899400056,Attendre
2026-02-27 03:00:00,67266.58,67712.16,67099.71,67600.84,415.67371,0.004969183805687782,67700.89333333334,0.004633678662890328,Attendre
2026-02-27 04:00:00,67600.84,68216.8,67578.67,67747.49,1318.53811,0.002169351741783121,67666.56541666666,0.004515315336351444,Attendre
2026-02-27 05:00:00,67747.49,67924.0,67683.3,67724.99,411.56603,-0.0003321156252430457,67636.61458333333,0.00450597470072571,Attendre
2026-02-27 06:00:00,67725.0,67823.9,67525.46,67658.14,398.60368,-0.0009870802491075414,67615.00583333333,0.004447228774989789,Attendre
2026-02-27 07:00:00,67658.14,67774.48,67459.3,67690.6,896.56486,0.0004797648886003536,67609.40416666666,0.004327179858589682,Acheter
2026-02-27 08:00:00,67690.6,68079.83,67655.86,67926.24,712.98047,0.0034811332740438683,67608.24708333334,0.004370327631373966,Acheter
2026-02-27 09:00:00,67926.25,68149.93,67284.22,67355.73,1377.2902,-0.008398963346123778,67556.84375,0.004216943548522015,Acheter
2026-02-27 10:00:00,67355.72,67416.78,66574.0,66604.91,1414.83211,-0.011147084294090392,67486.1475,0.004677643457044566,Acheter
2026-02-27 11:00:00,66604.9,66778.68,65960.01,66126.99,1399.59256,-0.007175446975305588,67405.9675,0.0048162285681594376,Acheter
2026-02-27 12:00:00,66126.99,66217.42,65734.71,65928.01,1855.03329,-0.003009058782200924,67312.48625,0.0047876073804759426,Acheter
2026-02-27 13:00:00,65928.01,66344.9,65649.34,66270.55,1278.55317,0.005195667213374167,67244.36958333333,0.004937183210782511,Acheter
2026-02-27 14:00:00,66270.55,66334.87,65686.64,65887.59,1404.23206,-0.005778735803460333,67168.94666666667,0.005017017911746072,Acheter
2026-02-27 15:00:00,65887.59,66311.11,65845.18,66095.4,957.11978,0.003154008213079207,67115.33833333333,0.005030461840926888,Acheter
2026-02-27 16:00:00,66095.4,66121.03,65462.93,65475.21,1135.56487,-0.009383255113063815,67066.6575,0.004900571672878646,Acheter
2026-02-27 17:00:00,65475.21,65765.06,65113.72,65703.19,1265.39709,0.0034819285039331405,67019.84041666667,0.0049253620786252235,Acheter
2026-02-27 18:00:00,65703.18,65788.07,65228.33,65314.76,623.00837,-0.005911889514040314,66936.68333333333,0.004732129371840711,Acheter
2026-02-27 19:00:00,65314.76,65457.35,65172.6,65392.18,851.95591,0.0011853369743684006,66845.14,0.004623169820485565,Acheter
2026-02-27 20:00:00,65392.18,65666.66,65392.18,65594.67,444.86468,0.003096547630007107,66769.33166666667,0.004702710931596803,Acheter
2026-02-27 21:00:00,65594.67,65749.94,65400.0,65527.59,282.6564,-0.0010226440654400593,66688.6625,0.00468607413180006,Acheter
2026-02-27 22:00:00,65527.59,65673.33,64914.46,65637.99,713.5349,0.0016847865151152774,66608.06625,0.0046880367969095674,Acheter
2026-02-27 23:00:00,65638.0,65953.2,65551.67,65872.1,326.8612,0.0035666844764747907,66540.85458333335,0.004787694711991808,Acheter
2026-02-28 00:00:00,65872.09,66025.52,65721.13,65942.0,334.42449,0.0010611472839030522,66487.33375,0.00476580195380981,Acheter
2026-02-28 01:00:00,65942.01,65971.93,65743.71,65770.36,267.81274,-0.0026028934518212976,66421.42125,0.00474454483276198,Acheter
2026-02-28 02:00:00,65770.36,66018.85,65761.94,65961.13,204.09288,0.0029005466900289267,66367.02750000001,0.004809346165517841,Acheter
2026-02-28 03:00:00,65961.13,65982.34,65745.39,65797.42,239.41397,-0.002481916243702975,66291.885,0.0046585185752282205,Acheter
2026-02-28 04:00:00,65797.42,65818.44,65488.0,65663.2,311.53682,-0.0020398976130067137,66205.03958333333,0.004608435303185482,Acheter
2026-02-28 05:00:00,65663.21,65729.65,65500.0,65591.03,300.20395,-0.001099093556207964,66116.12458333334,0.004604154274323299,Acheter
2026-02-28 06:00:00,65591.03,65591.04,63030.0,63216.01,3175.19445,-0.03620952438161129,65931.03583333334,0.008477151730747036,Acheter
2026-02-28 07:00:00,63216.01,64327.22,63038.0,63826.0,2127.97927,0.009649296119764506,65770.01083333333,0.008830233473350064,Acheter
2026-02-28 08:00:00,63825.99,63877.09,63411.39,63473.28,1118.13838,-0.005526274558957156,65584.47083333334,0.00876016731930414,Acheter
2026-02-28 09:00:00,63473.27,64005.35,63372.1,63658.54,737.11739,0.002918708470714071,65430.42125000001,0.00874936830355449,Acheter
2026-02-28 10:00:00,63658.55,64053.93,63452.64,64010.39,1633.42712,0.005527145297394398,65322.31625,0.008679058206575824,Acheter
2026-02-28 11:00:00,64010.38,64307.44,63791.25,63844.2,1245.63976,-0.0025962972573672083,65227.200000000004,0.008601547663325802,Acheter
2026-02-28 12:00:00,63844.2,64082.66,63827.2,64017.19,474.84169,0.002709564846924417,65147.5825,0.008634949188957346,Acheter
2026-02-28 13:00:00,64017.18,65216.97,63888.89,65106.44,1748.13055,0.017014961137781892,65099.07791666667,0.009324392606287514,Acheter
2026-02-28 14:00:00,65106.45,65360.51,64278.5,64435.61,1331.97244,-0.010303589015157377,65038.57874999999,0.009476144314433735,Acheter
2026-02-28 15:00:00,64435.62,65020.75,64200.0,64841.18,731.53889,0.006294190432898805,64986.31958333334,0.009555674332686243,Acheter
2026-02-28 16:00:00,64841.17,65206.25,64681.81,65094.3,500.23365,0.003903692067294351,64970.448333333334,0.009417870325341287,Acheter
2026-02-28 17:00:00,65094.29,65555.0,64828.03,65442.62,595.58409,0.005351006155684956,64959.59125,0.009457285906651205,Acheter
2026-02-28 18:00:00,65442.61,66157.61,65185.7,65911.84,830.58148,0.00716994521307357,64984.46958333333,0.00948602535404219,Acheter
2026-02-28 19:00:00,65911.83,66666.65,65602.65,66362.01,1072.73124,0.006829880640564667,65024.87916666667,0.009575301710326464,Acheter
2026-02-28 20:00:00,66362.01,67151.68,66190.61,66959.62,840.13263,0.009005302883381638,65081.75208333333,0.009715656426959155,Acheter
2026-02-28 21:00:00,66959.63,67055.56,66368.42,66723.22,934.75984,-0.003530485985434151,65131.57,0.009750705694076814,Acheter
2026-02-28 22:00:00,66723.23,67760.0,66608.82,67103.64,1310.09118,0.0057014634485565985,65192.638750000006,0.009800896846820692,Acheter
2026-02-28 23:00:00,67103.63,67210.0,66733.73,66973.26,483.13759,-0.0019429646439448334,65238.52041666666,0.009801888822117749,Acheter
2026-03-01 00:00:00,66973.26,67121.8,66620.5,66791.29,560.35194,-0.0027170545378857325,65273.907499999994,0.009826776222153121,Acheter
2026-03-01 01:00:00,66791.29,67703.32,66042.72,67339.36,1630.19028,0.00820571065478748,65339.2825,0.009921770028823742,Acheter
2026-03-01 02:00:00,67339.36,68199.99,67339.36,67620.65,1861.8227,0.004177200377312618,65408.42916666666,0.009935643922674157,Acheter
2026-03-01 03:00:00,67620.65,67813.33,67400.0,67502.16,637.99716,-0.0017522753774178446,65479.46,0.009925369966856896,Acheter
2026-03-01 04:00:00,67502.16,67612.14,67079.36,67346.5,631.60541,-0.0023060002820650682,65549.5975,0.009929194481307989,Acheter
2026-03-01 05:00:00,67346.5,67574.65,67200.0,67292.09,437.89406,-0.0008079113242708269,65620.47499999999,0.009926564146813225,Acheter
2026-03-01 06:00:00,67292.08,67345.8,66749.35,66926.68,1159.96329,-0.005430207324516156,65775.08625,0.0061734880822152385,Acheter
2026-03-01 07:00:00,66926.69,67235.72,66784.58,67141.39,937.93278,0.003208137621648177,65913.2275,0.005981556991863687,Acheter
2026-03-01 08:00:00,67141.4,67292.3,66389.33,66560.14,1475.81311,-0.008657104060550425,66041.84666666666,0.006186408639147788,Acheter
2026-03-01 09:00:00,66560.14,66771.1,66246.95,66410.08,815.73368,-0.002254502469495989,66156.49416666666,0.00624283254847266,Acheter
2026-03-01 10:00:00,66410.09,66731.47,66215.71,66467.06,621.17753,0.0008580022791719877,66258.85541666667,0.00619364928457463,Acheter
2026-03-01 11:00:00,66467.07,66661.61,66372.27,66468.03,338.19615,1.4593694982245609e-05,66368.18166666667,0.006139639116312202,Acheter
2026-03-01 12:00:00,66468.04,66550.0,66241.97,66296.48,388.82935,-0.0025809400398959514,66463.15208333333,0.006196436943824434,Acheter
2026-03-01 13:00:00,66296.48,67360.57,66132.27,66934.79,1311.02111,0.009628112985787363,66539.33333333333,0.005539756821829317,Acheter
2026-03-01 14:00:00,66934.8,67320.19,66752.58,66847.8,911.62631,-0.0012996231107916811,66639.84125,0.0050084038108435674,Acheter
2026-03-01 15:00:00,66847.8,67243.69,66828.6,66842.42,1028.55576,-8.048133222038345e-05,66723.22624999999,0.00491370050448675,Acheter
2026-03-01 16:00:00,66842.42,67112.37,65730.28,66135.45,1500.74296,-0.010576666733490558,66766.6075,0.005438392172901367,Acheter
2026-03-01 17:00:00,66135.45,66219.77,65699.98,65979.61,952.1973,-0.002356376194612708,66788.98208333332,0.005377521684284689,Acheter
2026-03-01 18:00:00,65979.61,66657.44,65979.61,66316.83,906.08265,0.005110972920270296,66805.85666666666,0.005279594531668661,Acheter
2026-03-01 19:00:00,66316.84,66345.95,65772.29,65962.17,541.15631,-0.005347963706950454,66789.19666666666,0.005206272702602412,Acheter
2026-03-01 20:00:00,65962.16,65962.16,65084.02,65300.0,961.21349,-0.010038632749650223,66720.04583333332,0.0051873320995856,Acheter
2026-03-01 21:00:00,65300.01,65756.5,65281.83,65666.2,996.50526,0.005607963246554215,66676.00333333334,0.005329433858880798,Acheter
2026-03-01 22:00:00,65666.19,66491.43,65056.0,65268.71,1763.29476,-0.006053190225717264,66599.54791666666,0.00525988227812741,Acheter
2026-03-01 23:00:00,65268.71,66080.0,65125.67,65776.47,831.95524,0.007779531723547173,66549.68166666667,0.005561225493365672,Acheter
2026-03-02 00:00:00,65776.48,66796.44,65761.04,66501.52,990.0826,0.011022938749981614,66537.60791666668,0.0060354516919410685,Acheter
2026-03-02 01:00:00,66501.52,67079.0,66358.45,66532.02,886.93071,0.0004586361334297795,66503.96875,0.005769685335255417,Acheter
2026-03-02 02:00:00,66532.02,66609.94,65890.5,66276.77,554.16265,-0.0038364985761742965,66447.97375,0.005719721449344843,Acheter
2026-03-02 03:00:00,66276.77,67037.22,66101.07,66820.03,509.4124,0.008196838801890927,66419.55166666667,0.006002780687795543,Attendre
2026-03-02 04:00:00,66820.03,66975.74,66633.13,66862.12,750.65203,0.0006299009443724302,66399.36916666666,0.005992280188601623,Attendre
2026-03-02 05:00:00,66862.11,66995.64,66547.81,66730.78,887.19458,-0.0019643409452168026,66375.98125,0.006001322877943254,Attendre
2026-03-02 06:00:00,66730.78,66739.45,66062.83,66204.9,677.75967,-0.007880621206585725,66345.90708333334,0.006111665183486903,Acheter
2026-03-02 07:00:00,66204.9,66209.46,65542.6,66007.52,1294.85905,-0.0029813503230121663,66298.66249999999,0.006081820327166883,Acheter
2026-03-02 08:00:00,66007.8,66306.0,65654.54,66282.0,1104.41132,0.004158314083001491,66287.07333333333,0.005912287270511748,Acheter
2026-03-02 09:00:00,66281.99,66720.84,66164.96,66168.62,1786.28426,-0.0017105699888356751,66277.0125,0.005904938099559452,Acheter
2026-03-02 10:00:00,66168.61,66381.74,66079.24,66316.4,436.29038,0.0022333849489379887,66270.735,0.005921645265864219,Acheter
2026-03-02 11:00:00,66316.39,66462.4,66003.59,66359.68,1034.77975,0.0006526289123052198,66266.22041666666,0.005923509787185655,Acheter
2026-03-02 12:00:00,66359.67,66391.38,65874.92,65963.43,763.09374,-0.005971246395401586,66252.34333333334,0.006026001364551993,Acheter
2026-03-02 13:00:00,65963.43,66157.28,65350.0,65440.01,1576.81345,-0.007935002773506339,66190.06083333334,0.005845264311348279,Acheter
2026-03-02 14:00:00,65440.01,67220.81,65259.21,67177.06,3015.13713,0.02654415853542802,66203.78,0.008096998271285785,Attendre
2026-03-02 15:00:00,67177.05,69617.74,66975.29,69130.2,5476.56874,0.02907450847059989,66299.10416666667,0.01000881787281797,Attendre
2026-03-02 16:00:00,69130.2,70096.0,68933.69,69428.62,3440.03188,0.004316781956366311,66436.31958333333,0.00968722143210842,Vendre
2026-03-02 17:00:00,69428.62,69578.0,68793.88,69198.0,1445.4415,-0.003321684918985768,66570.41916666667,0.009708385142692025,Vendre
2026-03-02 18:00:00,69198.0,69268.15,68727.83,68877.67,1055.7431,-0.004629180034105063,66677.12083333333,0.009777376448614745,Attendre
2026-03-02 19:00:00,68877.67,69049.32,68576.18,68966.53,886.89114,0.0012901133270042386,66802.3025,0.009664781569455681,Vendre
2026-03-02 20:00:00,68966.52,69505.0,68584.9,69106.58,1028.13825,0.0020306951792412598,66960.91,0.009324481645087226,Vendre
2026-03-02 21:00:00,69106.58,69539.77,69000.71,69413.82,441.38382,0.004445886339622174,67117.06083333334,0.009310130767120822,Vendre
2026-03-02 22:00:00,69413.82,69501.62,69136.36,69440.49,1330.59238,0.00038421743681582576,67290.885,0.009148650447145237,Vendre
2026-03-02 23:00:00,69440.48,69479.58,68740.0,68830.06,637.72978,-0.008790692577198223,67418.11791666667,0.009365388003443508,Vendre
2026-03-03 00:00:00,68830.06,69166.61,68644.38,69092.88,602.91075,0.0038183898139854122,67526.09125,0.00917492282623333,Vendre
2026-03-03 01:00:00,69092.89,69258.08,68755.0,68760.01,452.46998,-0.004817717831417823,67618.92416666666,0.009267061324885683,Vendre
2026-03-03 02:00:00,68760.01,68774.13,68210.71,68512.17,848.26905,-0.00360442065089861,67712.06583333333,0.009261463724764996,Vendre
2026-03-03 03:00:00,68512.17,68550.0,68231.47,68377.94,458.44735,-0.0019592139615486337,67776.97875,0.009170106138346354,Vendre
2026-03-03 04:00:00,68377.94,68454.63,68050.11,68123.2,436.46143,-0.003725470524558183,67829.52375000001,0.009220715995928769,Vendre
2026-03-03 05:00:00,68123.19,68617.42,67845.84,67947.75,913.85345,-0.002575480893440063,67880.23083333333,0.009229576539659282,Attendre
2026-03-03 06:00:00,67947.75,68250.24,67800.0,68106.73,821.19287,0.002339738990621454,67959.47375,0.009045904663580366,Attendre
2026-03-03 07:00:00,68106.73,68275.2,67951.24,68172.8,1165.60519,0.0009700950258515473,68049.69375,0.009001975329060389,Attendre
2026-03-03 08:00:00,68172.79,68311.83,66905.0,67003.3,1883.4522,-0.017154935692827666,68079.74791666666,0.009737622876155016,Attendre
2026-03-03 09:00:00,67003.3,67184.71,66340.14,66647.98,1767.88336,-0.005303022388449596,68099.72124999999,0.00980042623084138,Attendre
2026-03-03 10:00:00,66647.98,67030.75,66440.46,66860.3,1159.50732,0.0031856929497338093,68122.38375,0.009810321359546195,Attendre
2026-03-03 11:00:00,66860.3,67166.5,66779.37,67026.61,1271.91624,0.0024874252732935975,68150.1725,0.009819633877456602,Attendre
2026-03-03 12:00:00,67026.6,67973.2,67025.93,67399.85,1323.51079,0.005568534646165135,68210.02333333333,0.009773322296955536,Attendre
2026-03-03 13:00:00,67399.85,67435.0,66635.3,66931.31,709.75818,-0.006951647518503523,68272.16083333333,0.009736474873029012,Attendre
2026-03-03 14:00:00,66931.32,67603.94,66158.0,66568.95,1714.82463,-0.005413908677418644,68246.82291666667,0.008143950360899004,Attendre
2026-03-03 15:00:00,66568.95,67834.93,66471.79,67725.81,1695.1952,0.017378372349270865,68188.30666666666,0.006488474401811756,Attendre
2026-03-03 16:00:00,67725.82,68999.0,67473.09,68175.9,2581.91143,0.006645767691815019,68136.11,0.006585558176093023,Attendre
2026-03-03 17:00:00,68175.89,68400.0,67626.53,68318.66,982.14848,0.0020939950921075035,68099.47083333334,0.0065859489758440665,Attendre
2026-03-03 18:00:00,68318.66,68914.01,67976.47,68628.49,974.13002,0.004535071384596856,68089.08833333333,0.006602503324789155,Vendre
2026-03-03 19:00:00,68628.5,68888.88,68312.83,68435.0,946.51026,-0.002819383028826783,68066.94125,0.006617341139448931,Attendre
2026-03-03 20:00:00,68435.0,68591.24,68092.1,68266.0,592.99873,-0.0024694966026156395,68031.91708333333,0.006612144410111226,Attendre
2026-03-03 21:00:00,68265.99,68265.99,67832.3,68024.62,519.92364,-0.003535874373773229,67974.03374999999,0.006553620903219172,Attendre
2026-03-03 22:00:00,68024.63,68524.54,68024.62,68327.2,573.87256,0.004448095410161779,67927.64666666667,0.006638081316943413,Vendre
2026-03-03 23:00:00,68327.2,68860.0,68245.64,68338.0,575.48869,0.00015806296760301208,67907.14416666667,0.006408410258166686,Vendre
2026-03-04 00:00:00,68338.01,68413.9,67857.61,68093.19,767.61923,-0.003582340718194854,67865.49041666667,0.006380662561967635,Vendre
2026-03-04 01:00:00,68093.2,68909.34,67963.28,68405.0,1294.62328,0.004579165699242438,67850.69833333333,0.0063980898592124556,Vendre
2026-03-04 02:00:00,68405.0,68447.72,67984.56,68323.33,798.11328,-0.0011939185732037227,67842.83,0.006361071758703607,Vendre
2026-03-04 03:00:00,68323.33,68383.63,67400.0,67732.2,954.50771,-0.008651949487825106,67815.92416666666,0.0065889430543810525,Attendre
2026-03-04 04:00:00,67732.19,67954.89,67467.6,67786.0,1066.3898,0.0007943046291130074,67801.87416666666,0.006553497639598515,Attendre
2026-03-04 05:00:00,67786.0,68397.84,67682.64,68206.59,666.28769,0.006204673531407634,67812.65916666666,0.006658545473902493,Attendre
2026-03-04 06:00:00,68206.58,68678.76,68048.63,68508.02,1288.48108,0.004419367688664799,67829.37958333333,0.00670127210561839,Attendre
2026-03-04 07:00:00,68508.02,69668.0,68349.49,69493.13,2067.68212,0.014379484328988168,67884.39333333333,0.007295190586779151,Vendre
2026-03-04 08:00:00,69493.14,71163.0,69098.91,71011.4,4675.3565,0.021847771139391625,68051.3975,0.0074581311278322324,Vendre
2026-03-04 09:00:00,71011.4,71893.0,70724.26,71520.76,4196.19004,0.007172932796705833,68254.43000000001,0.007327887442212247,Vendre
2026-03-04 10:00:00,71520.76,71878.17,71200.0,71348.92,2079.39146,-0.002402659032146648,68441.45583333333,0.007409072839804517,Vendre
2026-03-04 11:00:00,71348.92,71499.75,70928.25,71111.4,1195.15977,-0.003328992225810956,68611.65541666666,0.007512009264953308,Vendre
2026-03-04 12:00:00,71111.4,71364.14,70588.0,71339.71,1486.53558,0.003210596331952642,68775.81625,0.00748543343951471,Vendre
2026-03-04 13:00:00,71339.72,71624.99,71214.4,71477.17,1568.2684,0.001926837100963752,68965.22708333333,0.00721796236564067,Vendre
2026-03-04 14:00:00,71477.17,72633.0,71300.1,71621.04,4139.0795,0.0020128105239756167,69175.73083333333,0.007008154753184008,Vendre
2026-03-04 15:00:00,71621.03,73479.75,71580.62,73396.88,4184.35996,0.02479494852350661,69412.02541666667,0.0077865299992458704,Vendre
2026-03-04 16:00:00,73396.87,73500.0,72541.69,73294.84,2627.55973,-0.0013902498307830635,69625.31458333333,0.007812950011116003,Vendre
2026-03-04 17:00:00,73294.84,73759.99,72932.8,73218.92,2258.8783,-0.0010358164367368916,69829.49208333333,0.007855607150659333,Vendre
2026-03-04 18:00:00,73218.93,73700.0,72912.11,73693.5,1121.5369,0.00648165801953926,70040.53416666666,0.00788301172316602,Vendre
2026-03-04 19:00:00,73693.5,74050.0,73516.0,73611.1,2657.03129,-0.001118144748179839,70256.205,0.007835908326112624,Vendre
2026-03-04 20:00:00,73611.67,73716.0,73001.05,73019.68,904.52712,-0.008034386118398129,70454.275,0.008085369869044231,Vendre
2026-03-04 21:00:00,73019.69,73322.93,72878.0,73309.72,836.52696,0.0039720798557321135,70674.4875,0.007972417421737415,Vendre
2026-03-04 22:00:00,73309.73,73523.31,72638.29,72705.86,894.79856,-0.008237106893874357,70856.93166666666,0.008296703119705793,Vendre
2026-03-04 23:00:00,72705.86,72880.88,72313.04,72666.77,1190.17184,-0.0005376457963635062,71037.29708333332,0.008306903033262546,Vendre
2026-03-05 00:00:00,72666.77,73000.0,72553.65,72760.0,1004.77646,0.001282979826955133,71231.7475,0.008208375467980799,Vendre
2026-03-05 01:00:00,72759.99,73306.82,72409.1,72538.72,821.18852,-0.003041231445849335,71403.98583333332,0.00828351752816618,Vendre
2026-03-05 02:00:00,72538.72,72916.5,72336.76,72506.19,628.62779,-0.0004484501518636774,71578.27166666665,0.008270528372410813,Vendre
2026-03-05 03:00:00,72506.18,72750.0,72344.51,72497.89,668.37206,-0.00011447298499622782,71776.84208333334,0.007946766843341283,Vendre
2026-03-05 04:00:00,72497.89,73081.08,72447.96,72815.7,750.0071,0.004383713788083998,71986.41291666667,0.007939833309338673,Vendre
2026-03-05 05:00:00,72815.7,72912.82,72260.74,72412.15,1085.89796,-0.00554207403073792,72161.64458333333,0.00809530684283891,Vendre
2026-03-05 06:00:00,72412.15,72655.23,72037.56,72553.62,1063.1049,0.001953677663209863,72330.21125000001,0.008085890513406292,Vendre
2026-03-05 07:00:00,72553.63,72675.07,71759.95,72055.5,1447.01462,-0.006865543028728216,72436.97666666667,0.00788050647909423,Vendre
2026-03-05 08:00:00,72055.5,72370.21,71757.17,72333.7,1421.17898,0.003860912768629765,72492.0725,0.006619570571748653,Vendre
2026-03-05 09:00:00,72333.7,72875.85,72298.83,72591.59,1160.78148,0.0035652814663151844,72536.69041666666,0.0065083471590173985,Vendre
2026-03-05 10:00:00,72591.59,73558.15,72517.06,73388.92,1589.2678,0.010983779250461456,72621.69041666666,0.006803226368873382,Vendre
2026-03-05 11:00:00,73388.91,73449.96,72766.75,72915.79,2091.15218,-0.006446885987694162,72696.87333333334,0.006922146698685961,Attendre
2026-03-05 12:00:00,72915.8,73063.38,72666.93,72890.73,729.99152,-0.0003436841320652029,72761.49916666666,0.0069123142835626535,Attendre
2026-03-05 13:00:00,72890.73,72935.3,72189.7,72467.79,1108.98859,-0.005802383924540244,72802.77500000001,0.00704216680360105,Attendre
2026-03-05 14:00:00,72467.79,72835.73,71944.18,72609.29,1446.63499,0.0019525916272595811,72843.95208333334,0.007041651216692905,Attendre
2026-03-05 15:00:00,72609.3,72770.0,71168.65,71652.77,2321.94313,-0.013173520908963399,72771.28083333332,0.005454551247824645,Attendre
2026-03-05 16:00:00,71652.77,71654.65,70786.06,71305.92,1736.25108,-0.004840706088543478,72688.40916666666,0.005510816854838142,Attendre
2026-03-05 17:00:00,71305.92,71572.0,70645.47,70704.41,1223.37093,-0.008435624980366208,72583.63791666666,0.005708709756630731,Attendre
2026-03-05 18:00:00,70703.37,71090.32,70656.63,70990.65,720.55573,0.00404840377000526,72471.01916666667,0.005582120758984577,Attendre
2026-03-05 19:00:00,70990.66,71430.78,70870.0,70918.07,626.47744,-0.0010223881595673445,72358.80958333334,0.005582470176036108,Attendre
2026-03-05 20:00:00,70918.08,71394.45,70840.0,71236.51,496.74041,0.004490251920279187,72284.51083333333,0.005533854188418039,Attendre
2026-03-05 21:00:00,71236.51,71572.3,71023.52,71141.93,546.48691,-0.001327689972459356,72194.18624999998,0.0054309852871618726,Attendre
2026-03-05 22:00:00,71141.93,71364.45,71074.45,71208.54,834.62565,0.0009362973425095511,72131.79791666666,0.005236125236219964,Attendre
2026-03-05 23:00:00,71208.54,71292.44,70777.0,70890.72,1067.0763,-0.004463228708241895,72057.79583333332,0.005286896530161828,Attendre
2026-03-06 00:00:00,70891.02,71047.95,70784.0,70988.19,673.4608,0.0013749331365233708,71983.97041666666,0.005288668867941664,Attendre
2026-03-06 01:00:00,70988.19,71301.74,70344.03,71257.2,1057.89391,0.0037895035779893504,71930.57375,0.005358130991072315,Attendre
2026-03-06 02:00:00,71257.2,71419.98,71036.0,71252.43,752.48392,-6.694060389689227e-05,71878.33375,0.0053595641085944215,Attendre
2026-03-06 03:00:00,71252.43,71305.42,71000.0,71080.38,548.09403,-0.0024146544896782585,71819.27083333333,0.005368958533560409,Attendre
2026-03-06 04:00:00,71080.37,71120.17,70270.21,70613.61,667.82412,-0.0065667910047751965,71727.51708333332,0.005373817723954717,Attendre
2026-03-06 05:00:00,70613.61,70658.01,70143.19,70436.19,966.11543,-0.0025125468022382247,71645.18541666666,0.005304107490562192,Attendre
2026-03-06 06:00:00,70436.18,70853.37,70261.23,70597.23,672.31367,0.0022863246862159237,71563.66916666667,0.00531296661188843,Attendre
2026-03-06 07:00:00,70597.23,71192.76,70468.97,71056.44,782.05786,0.006504646145464976,71522.04166666667,0.005385318357227611,Attendre
2026-03-06 08:00:00,71056.44,71067.58,70735.85,70789.49,569.42569,-0.003756872705697023,71457.69958333333,0.0053372307456407125,Attendre
2026-03-06 09:00:00,70789.49,70808.65,70300.0,70565.56,637.9756,-0.003163322690981518,71373.28166666666,0.00526958869779793,Attendre
2026-03-06 10:00:00,70565.56,70800.0,70467.88,70527.93,469.81877,-0.0005332629685076418,71254.07375,0.0045965317870364005,Attendre
2026-03-06 11:00:00,70527.93,70643.27,70184.01,70212.95,763.93539,-0.004466032109548546,71141.45541666666,0.00452377425916313,Attendre
2026-03-06 12:00:00,70212.94,70224.84,69660.0,69907.0,1907.43626,-0.004357458275147219,71017.13333333333,0.004550857754401169,Attendre
2026-03-06 13:00:00,69907.0,70341.76,69208.0,69208.0,2069.72961,-0.009998998669661141,70881.30875,0.004788551075755533,Attendre
2026-03-06 14:00:00,69213.18,69273.87,68176.47,68409.89,3148.50679,-0.011532048318113497,70706.33374999999,0.005097403141831151,Attendre
2026-03-06 15:00:00,68409.89,69100.0,68306.0,68504.71,1428.68549,0.001386056899082888,70575.16458333333,0.0046109379602672865,Attendre
2026-03-06 16:00:00,68504.71,68795.44,68222.0,68446.52,955.00949,-0.0008494306449877698,70456.02291666667,0.004570561847610738,Attendre
2026-03-06 17:00:00,68446.52,68642.69,67744.78,67955.1,1236.78923,-0.007179619942693893,70341.46833333334,0.0044966029201202904,Attendre
2026-03-06 18:00:00,67955.1,68476.47,67955.1,68181.2,514.98068,0.0033271969285599834,70224.40791666666,0.004459179148831907,Attendre
2026-03-06 19:00:00,68181.2,68485.01,68004.15,68131.79,617.63492,-0.0007246865704916283,70108.31291666666,0.0044614767893896385,Attendre
2026-03-06 20:00:00,68131.79,68285.71,67777.0,68111.03,668.6183,-0.00030470357523260105,69978.08458333333,0.004277706192028449,Attendre
2026-03-06 21:00:00,68111.03,68333.33,67919.72,68289.1,604.80896,0.002614407681105435,69859.21666666667,0.0043735987526137545,Attendre
2026-03-06 22:00:00,68289.11,68440.92,68221.38,68319.89,304.91261,0.000450877226380042,69738.85625,0.004362010003149793,Attendre
2026-03-06 23:00:00,68319.9,68371.24,68105.71,68114.02,611.37569,-0.0030133245237953243,69623.16041666667,0.00433222960747674,Attendre
2026-03-07 00:00:00,68114.02,68394.09,68105.73,68290.45,653.38105,0.0025902156413613042,69510.75458333333,0.004376058324096227,Attendre
2026-03-07 01:00:00,68290.46,68369.11,68180.95,68262.01,316.06145,-0.00041645647378218964,69385.955,0.004232546099968655,Attendre
2026-03-07 02:00:00,68262.01,68367.73,68060.6,68350.04,316.96409,0.00128958991978112,69265.02208333333,0.004265334754677516,Attendre
2026-03-07 03:00:00,68350.05,68551.04,68095.5,68095.5,450.32011,-0.0037240651212493425,69140.65208333333,0.004282910939862218,Attendre
2026-03-07 04:00:00,68095.5,68147.73,67817.0,68063.43,621.66509,-0.0004709562305880155,69034.39458333333,0.004165662033969483,Attendre
2026-03-07 05:00:00,68063.42,68140.49,67908.0,68018.26,493.88772,-0.0006636456611134323,68933.6475,0.004163664027120458,Attendre
2026-03-07 06:00:00,68018.27,68021.14,67612.21,67690.86,489.36583,-0.004813413339300299,68812.54875,0.004139094061104269,Attendre
2026-03-07 07:00:00,67690.86,67865.23,67446.41,67842.67,768.74899,0.0022426956903782713,68678.64166666666,0.0038513297123132103,Attendre
2026-03-07 08:00:00,67842.67,68045.07,67720.98,67795.4,465.95331,-0.0006967591340376611,68553.88791666666,0.003838488273893557,Attendre
2026-03-07 09:00:00,67795.4,68074.97,67738.31,68000.0,332.46219,0.0030179038695841154,68446.98958333333,0.003948274516033372,Attendre
2026-03-07 10:00:00,68000.0,68102.73,67870.43,67880.31,319.42039,-0.0017601470588235468,68336.67208333332,0.003942687140462276,Attendre
2026-03-07 11:00:00,67880.31,68232.27,67841.67,68010.01,372.24149,0.0019107160824691771,68244.88291666667,0.003954975858305045,Attendre
2026-03-07 12:00:00,68010.0,68085.41,67900.01,67992.54,359.03867,-0.0002568739513492124,68165.11375,0.003906317638115788,Attendre
2026-03-07 13:00:00,67992.54,68081.16,67855.82,67931.06,318.23636,-0.0009042168449655552,68111.90791666666,0.0034215104831636033,Attendre
2026-03-07 14:00:00,67931.06,68083.79,67609.44,68016.7,473.27443,0.0012606898817713041,68095.52500000001,0.0025600501778695784,Attendre
2026-03-07 15:00:00,68016.7,68034.67,67769.89,67877.45,577.84468,-0.002047291326982892,68069.38916666666,0.002561337989733314,Attendre
2026-03-07 16:00:00,67877.45,67889.68,67702.2,67783.63,349.2691,-0.0013821968857108402,68041.76875,0.0025678831753169202,Attendre
2026-03-07 17:00:00,67783.63,67935.01,67768.97,67788.41,217.68104,7.051850129591308e-05,68034.82333333333,0.002124015571978702,Attendre
2026-03-07 18:00:00,67788.4,67788.41,67480.0,67568.13,1180.24782,-0.0032495230379352424,68009.27875,0.0020865263017360992,Attendre
2026-03-07 19:00:00,67568.13,67572.35,66915.26,67080.34,1312.2302,-0.00721923190711371,67965.46833333334,0.0025117710503340237,Attendre
2026-03-07 20:00:00,67080.33,67437.5,67068.01,67402.98,590.47118,0.004809754989315795,67935.96625,0.002747753663971811,Attendre
2026-03-07 21:00:00,67402.98,67483.05,67281.34,67452.98,638.99995,0.0007418069646178971,67901.12791666666,0.0026833277686700158,Attendre
2026-03-07 22:00:00,67452.97,67469.87,67101.31,67258.65,706.81324,-0.002880969825202695,67856.90958333334,0.0027174413788105894,Attendre
2026-03-07 23:00:00,67258.65,67403.85,67183.39,67262.91,394.96477,6.333757814069862e-05,67821.44666666667,0.002673244451770689,Attendre
2026-03-08 00:00:00,67262.91,67481.96,67181.04,67194.77,552.27054,-0.0010130397272434255,67775.79333333333,0.0025908663805715047,Attendre
2026-03-08 01:00:00,67194.77,67353.57,67090.0,67297.27,565.85563,0.0015254163382061314,67735.59583333334,0.0026291831429962635,Attendre
2026-03-08 02:00:00,67297.27,67426.52,66833.58,66925.44,765.90711,-0.005525186980095964,67676.2375,0.0027810210085003487,Attendre
2026-03-08 03:00:00,66925.45,67083.1,66850.0,67000.26,999.40624,0.001117960524428252,67630.6025,0.0027405757363322255,Attendre
2026-03-08 04:00:00,67000.26,67100.01,66547.15,66637.36,1206.88314,-0.005416396891594011,67571.18291666667,0.002905761916757819,Attendre
2026-03-08 05:00:00,66637.35,67250.24,66617.76,67149.93,402.00353,0.00769193137303148,67535.0025,0.0033923537555714664,Attendre
2026-03-08 06:00:00,67149.93,67231.86,67035.18,67161.52,246.63235,0.00017259883964149125,67512.94666666667,0.003269041415308128,Attendre
2026-03-08 07:00:00,67161.52,67465.11,67154.91,67319.91,1010.57902,0.0023583444805894693,67491.165,0.003273068907408482,Attendre
2026-03-08 08:00:00,67319.9,67577.36,67156.93,67539.33,1008.6246,0.0032593626462067427,67480.49541666667,0.00335179066081525,Attendre
2026-03-08 09:00:00,67539.34,67905.03,67474.0,67681.0,1111.87857,0.0020975926175164084,67467.20375,0.0033190496552775606,Attendre
2026-03-08 10:00:00,67681.0,68200.0,67680.99,67904.14,646.22527,0.0032969371019930804,67468.19666666667,0.0033751277265515966,Attendre
2026-03-08 11:00:00,67904.15,67904.15,67411.76,67515.0,536.67584,-0.005730725696548089,67447.57125,0.003545165467153777,Attendre
2026-03-08 12:00:00,67515.0,67650.94,66888.0,67324.72,902.41572,-0.0028183366659261244,67419.74541666666,0.003582226689606116,Attendre
2026-03-08 13:00:00,67324.71,67431.81,66761.68,67234.86,1987.5897,-0.0013347251945496907,67390.73708333333,0.003585910977414105,Attendre
2026-03-08 14:00:00,67234.86,67426.69,67055.73,67339.76,695.31699,0.001560202549689249,67362.53125,0.0035925402821508703,Attendre
2026-03-08 15:00:00,67339.75,67369.36,67080.0,67218.23,879.16155,-0.0018047287367819465,67335.06375,0.0035880737485382303,Attendre
2026-03-08 16:00:00,67218.23,67268.44,66802.47,66872.15,538.7559,-0.00514860328812583,67297.08541666665,0.0037130721657536764,Attendre
2026-03-08 17:00:00,66872.15,67179.98,66800.01,67065.0,812.42846,0.002883861218758499,67266.94333333333,0.003777603208353067,Attendre
2026-03-08 18:00:00,67065.0,67076.0,66745.54,66804.0,487.97779,-0.003891746812793584,67235.10458333333,0.0038005743418156016,Attendre
2026-03-08 19:00:00,66803.99,67485.24,66779.82,67337.42,711.10669,0.007984851206514598,67245.81625,0.003892162631569146,Attendre
2026-03-08 20:00:00,67337.41,67609.08,67028.45,67238.8,1144.93227,-0.0014645645764270743,67238.97541666667,0.0037757088459308293,Attendre
2026-03-08 21:00:00,67238.79,67266.0,66712.69,67020.01,959.03531,-0.0032539248172187563,67220.935,0.0038249894434460373,Attendre
2026-03-08 22:00:00,67020.01,67020.01,65618.49,66236.8,2742.02435,-0.011686211327034846,67178.35791666666,0.004457228666065445,Attendre
2026-03-08 23:00:00,66236.8,66569.24,65930.3,65971.2,679.95244,-0.004009855548577357,67124.53666666667,0.004507022701818721,Attendre
2026-03-09 00:00:00,65971.2,66773.0,65821.97,66370.01,951.35538,0.00604521366899502,67090.17166666666,0.004717730679739009,Attendre
2026-03-09 01:00:00,66370.01,66698.05,66131.25,66196.01,2263.78882,-0.00262166602054148,67044.28583333333,0.004716123162440096,Attendre
2026-03-09 02:00:00,66196.01,66707.58,65959.0,66537.32,752.57114,0.0051560509462731385,67028.11416666667,0.004742585090009916,Attendre
2026-03-09 03:00:00,66537.32,67668.64,66512.88,67205.05,1256.29482,0.010035420723287336,67036.64708333333,0.005181884309641701,Attendre
2026-03-09 04:00:00,67205.06,67610.0,67093.09,67130.14,848.47762,-0.001114648378358507,67057.17958333333,0.005054156755246981,Attendre
2026-03-09 05:00:00,67131.1,68069.29,67113.02,67911.16,1145.71148,0.011634416373926815,67088.8975,0.005359072888584126,Attendre
2026-03-09 06:00:00,67911.15,67939.55,67236.78,67267.18,578.70307,-0.009482682964037314,67093.3,0.005732807640265902,Attendre
2026-03-09 07:00:00,67267.18,67575.81,66853.48,67555.13,1253.45589,0.004280690821289346,67103.10083333333,0.005779247408850563,Attendre
2026-03-09 08:00:00,67555.13,67929.19,67391.89,67814.69,1615.43129,0.003842195255933989,67114.57416666667,0.005794037078405337,Attendre
2026-03-09 09:00:00,67814.69,68460.09,67566.65,67981.02,1225.43841,0.002452713416517982,67127.075,0.005799582912476436,Attendre
2026-03-09 10:00:00,67981.03,68088.92,67556.72,67608.13,687.12244,-0.005485207488796107,67114.74125,0.00587231203937711,Attendre
2026-03-09 11:00:00,67608.13,67855.82,67344.45,67764.98,577.58612,0.0023199872559704904,67125.15708333334,0.005769629838212718,Attendre
2026-03-09 12:00:00,67764.99,68348.26,67759.57,68151.93,970.32854,0.005710176554320601,67159.62416666666,0.005839789046220397,Attendre
2026-03-09 13:00:00,68151.93,69300.0,68133.93,68976.0,2460.13662,0.012091660500296975,67232.17166666666,0.006280341847506835,Attendre
2026-03-09 14:00:00,68975.8,69480.0,68696.28,69151.5,2377.05802,0.002544363256784976,67307.66083333333,0.00628679100734404,Attendre
2026-03-09 15:00:00,69151.5,69254.87,68717.86,68863.66,1995.45638,-0.004162454899749091,67376.22041666666,0.0063526502026644725,Attendre
2026-03-09 16:00:00,68863.67,69225.0,68614.47,68960.12,1086.01117,0.0014007387931456172,67463.21916666666,0.006214987414365134,Attendre
2026-03-09 17:00:00,68960.12,69088.49,68270.34,68600.71,889.54053,-0.005211852879606238,67527.20708333333,0.006343674209358054,Attendre
2026-03-09 18:00:00,68600.71,68705.76,68179.12,68356.37,1350.25926,-0.0035617707163674295,67591.88916666668,0.00633304328848772,Attendre
2026-03-09 19:00:00,68356.37,69516.65,68356.37,68991.93,1713.56623,0.009297743575324313,67660.82708333332,0.006401509705485431,Attendre
2026-03-09 20:00:00,68991.93,69145.28,68762.2,68961.71,507.40424,-0.00043802224405065093,67732.615,0.006387520828253998,Attendre
2026-03-09 21:00:00,68961.15,69102.53,68660.94,68919.72,782.51759,-0.0006088886136960125,67811.76958333334,0.006332173973293418,Attendre
2026-03-09 22:00:00,68919.71,69030.56,68597.0,68635.88,943.05059,-0.004118414874581533,67911.73125,0.00583205959085905,Attendre
2026-03-09 23:00:00,68635.88,68694.73,68384.69,68432.16,665.45565,-0.0029681268747483447,68014.27125,0.00579301651162921,Attendre
2026-03-10 00:00:00,68432.16,69290.42,68391.41,69157.37,1134.03591,0.010597502694639438,68130.41125,0.006017028040272333,Attendre
2026-03-10 01:00:00,69157.36,69389.06,68786.04,69260.01,1073.3002,0.001484151291467617,68258.07791666668,0.00594578229088983,Attendre
2026-03-10 02:00:00,69260.0,70578.29,69103.12,70272.01,2010.9648,0.014611606322320725,68413.69,0.0064615445564848665,Attendre
2026-03-10 03:00:00,70272.0,70370.86,69390.0,69429.85,1096.27179,-0.011984287912071845,68506.39,0.0068657872606977715,Attendre
2026-03-10 04:00:00,69429.85,70132.27,69429.85,70072.94,1112.05227,0.009262442594935694,68629.00666666667,0.007026690030213732,Attendre
2026-03-10 05:00:00,70072.95,70355.06,69885.71,69971.34,874.03346,-0.0014499177571257738,68714.84749999999,0.006732981899128168,Attendre
2026-03-10 06:00:00,69971.34,70185.24,69750.62,69910.91,1140.99151,-0.000863639312895681,68825.00291666666,0.0063538311319788435,Attendre
2026-03-10 07:00:00,69910.91,70546.74,69805.7,70406.01,1780.20471,0.007081870340408747,68943.78958333335,0.006429972551008151,Attendre
2026-03-10 08:00:00,70406.01,71097.64,70369.0,70709.37,1852.19984,0.004308723076339671,69064.40125,0.0064372939833313636,Attendre
2026-03-10 09:00:00,70709.37,71300.0,70653.24,71078.92,1664.83143,0.005226322904588132,69193.48041666666,0.006475001796230881,Attendre
2026-03-10 10:00:00,71078.92,71086.86,70969.18,71012.84,49.05884,-0.0009296708503730988,69335.34333333334,0.006314533178169038,Attendre
